9.999994754326629876e-01,-6.542553427629065348e-05
9.997685414341564991e-01,-2.719816585400227759e-05
9.995338618053690727e-01,1.008046365212237694e-05
9.992955424648214402e-01,4.642853306054384291e-05
9.990536875595491528e-01,8.186396911683277509e-05
9.988083994843216518e-01,1.164044488819596031e-04
9.985597789007089053e-01,1.500674021039079080e-04
9.983079247559966118e-01,1.828700135722837209e-04
9.980529343019537425e-01,2.148292254564904580e-04
9.977949031134502045e-01,2.459617396270792535e-04
9.975339251069288427e-01,2.762840199609659987e-04
9.972700925587294485e-01,3.058122946298461606e-04
9.970034961232683290e-01,3.345625583725219928e-04
9.967342248510716596e-01,3.625505747511845287e-04
9.964623662066657284e-01,3.897918783911870529e-04
9.961880060863238517e-01,4.163017772050595306e-04
9.959112288356715137e-01,4.420953546006148641e-04
9.956321172671503961e-01,4.671874716729916099e-04
9.953507526773407443e-01,4.915927693810770828e-04
9.950672148641446224e-01,5.153256707082222140e-04
9.947815821438323880e-01,5.384003828074314466e-04
9.944939313679475035e-01,5.608308991309200091e-04
9.942043379400771208e-01,5.826310015444155412e-04
9.939128758324865531e-01,6.038142624260093520e-04
9.936196176026159677e-01,6.243940467497768052e-04
9.933246344094449620e-01,6.443835141544177175e-04
9.930279960297232478e-01,6.637956209965165891e-04
9.927297708740654425e-01,6.826431223891841040e-04
9.924300260029179643e-01,7.009385742254585407e-04
9.921288271423929217e-01,7.186943351872305923e-04
9.918262386999698865e-01,7.359225687390136402e-04
9.915223237800709910e-01,7.526352451075631316e-04
9.912171441995047960e-01,7.688441432466514925e-04
9.909107605027830390e-01,7.845608527873139740e-04
9.906032319773107053e-01,7.997967759736979198e-04
9.902946166684498674e-01,8.145631295850519179e-04
9.899849713944556262e-01,8.288709468427656480e-04
9.896743517612890395e-01,8.427310793037102923e-04
9.893628121773063722e-01,8.561541987395960987e-04
9.890504058678241117e-01,8.691507990018649535e-04
9.887371848895613047e-01,8.817311978732107281e-04
9.884232001449604343e-01,8.939055389049409229e-04
9.881085013963875063e-01,9.056837932406729174e-04
9.877931372802124521e-01,9.170757614263650445e-04
9.874771553207681851e-01,9.280910752068265808e-04
9.871606019441929725e-01,9.387391993086245754e-04
9.868435224921530136e-01,9.490294332094612473e-04
9.865259612354503327e-01,9.589709128945543993e-04
9.862079613875114337e-01,9.685726125992753528e-04
9.858895651177619346e-01,9.778433465389446168e-04
9.855708135648849622e-01,9.867917706253522599e-04
9.852517468499679687e-01,9.954263841703222832e-04
9.849324040895309773e-01,1.003755531576000287e-03
9.846128234084490227e-01,1.011787404012793375e-03
9.842930419527550212e-01,1.019530041083827141e-03
9.839730959023379464e-01,1.026991332477353693e-03
9.836530204835246538e-01,1.034179019605982290e-03
9.833328499815560120e-01,1.041100697233430811e-03
9.830126177529523446e-01,1.047763815088744279e-03
9.826923562377699595e-01,1.054175679468262114e-03
9.823720969717493201e-01,1.060343454825147646e-03
9.820518705983580787e-01,1.066274165346162411e-03
9.817317068807261959e-01,1.071974696516950730e-03
9.814116347134763663e-01,1.077451796674622859e-03
9.810916821344470851e-01,1.082712078548323008e-03
9.807718763363143522e-01,1.087762020788151729e-03
9.804522436781082373e-01,1.092607969481568372e-03
9.801328096966253067e-01,1.097256139658581804e-03
9.798135991177430171e-01,1.101712616784443965e-03
9.794946358676256404e-01,1.105983358241040618e-03
9.791759430838354872e-01,1.110074194796724714e-03
9.788575431263411009e-01,1.113990832064163262e-03
9.785394575884239776e-01,1.117738851946960526e-03
9.782217073074921387e-01,1.121323714074572717e-03
9.779043123757883427e-01,1.124750757226353768e-03
9.775872921510034841e-01,1.128025200743528302e-03
9.772706652667968452e-01,1.131152145930536821e-03
9.769544496432127634e-01,1.134136577444982887e-03
9.766386624970065933e-01,1.136983364676215271e-03
9.763233203518747461e-01,1.139697263113590006e-03
9.760084390485872508e-01,1.142282915702707777e-03
9.756940337550323861e-01,1.144744854191877877e-03
9.753801189761610591e-01,1.147087500466579830e-03
9.750667085638442533e-01,1.149315167874184317e-03
9.747538157266349979e-01,1.151432062537328591e-03
9.744414530394408525e-01,1.153442284656637853e-03
9.741296324531053541e-01,1.155349829803402166e-03
9.738183653038975374e-01,1.157158590201033807e-03
9.735076623229159676e-01,1.158872355996654275e-03
9.731975336453978498e-01,1.160494816521680976e-03
9.728879888199470916e-01,1.162029561542789451e-03
9.725790368176677747e-01,1.163480082502199673e-03
9.722706860412148044e-01,1.164849773747525389e-03
9.719629443337576280e-01,1.166141933752163793e-03
9.716558189878548024e-01,1.167359766324824752e-03
9.713493167542484041e-01,1.168506381809729594e-03
9.710434438505687327e-01,1.169584798276486351e-03
9.707382059699581900e-01,1.170597942700041727e-03
9.704336082896100057e-01,1.171548652130924035e-03
9.701296554792239180e-01,1.172439674855898974e-03
9.698263517093801411e-01,1.173273671548296423e-03
9.695237006598315110e-01,1.174053216409587505e-03
9.692217055277134730e-01,1.174780798300545295e-03
9.689203690356730236e-01,1.175458821863310365e-03
9.686196934399190495e-01,1.176089608633953303e-03
9.683196805381928396e-01,1.176675398145347277e-03
9.680203316776567757e-01,1.177218349021321451e-03
9.677216477627085256e-01,1.177720540060643714e-03
9.674236292627150791e-01,1.178183971312455345e-03
9.671262762196671803e-01,1.178610565142335781e-03
9.668295882557639276e-01,1.179002167289196776e-03
9.665335645809109977e-01,1.179360547912963655e-03
9.662382040001531447e-01,1.179687402633510743e-03
9.659435049210229884e-01,1.179984353560673384e-03
9.656494653608226342e-01,1.180252950315254781e-03
9.653560829538232468e-01,1.180494671040754895e-03
9.650633549583980120e-01,1.180710923407448558e-03
9.647712782640770479e-01,1.180903045606530345e-03
9.644798493985329291e-01,1.181072307336247839e-03
9.641890645344921573e-01,1.181219910779298613e-03
9.638989194965743579e-01,1.181346991571821398e-03
9.636094097680635295e-01,1.181454619763462090e-03
9.633205304976059091e-01,1.181543800769205245e-03
9.630322765058381140e-01,1.181615476313303912e-03
9.627446422919472280e-01,1.181670525363877084e-03
9.624576220401600546e-01,1.181709765060093157e-03
9.621712096261648695e-01,1.181733951630618840e-03
9.618853986234656706e-01,1.181743781304157945e-03
9.616001823096653744e-01,1.181739891211858878e-03
9.613155536726876171e-01,1.181722860281177309e-03
9.610315054169278337e-01,1.181693210122572056e-03
9.607480299693375025e-01,1.181651405907348240e-03
9.604651194854474383e-01,1.181597857238187062e-03
9.601827658553216960e-01,1.181532919011683055e-03
9.599009607094474150e-01,1.181456892272696700e-03
9.596196954245616029e-01,1.181370025061363738e-03
9.593389611294156349e-01,1.181272513252495547e-03
9.590587487104710318e-01,1.181164501386664130e-03
9.587790488175406134e-01,1.181046083494362081e-03
9.584998518693591540e-01,1.180917303912289943e-03
9.582211480590969721e-01,1.180778158092029434e-03
9.579429273598115691e-01,1.180628593401568090e-03
9.576651795298374292e-01,1.180468509918965615e-03
9.573878941181156454e-01,1.180297761219366911e-03
9.571110604694638146e-01,1.180116155153650712e-03
9.568346677297849823e-01,1.179923454620924279e-03
9.565587048512207424e-01,1.179719378333027747e-03
9.562831605972417215e-01,1.179503601572123861e-03
9.560080235476814403e-01,1.179275756941168627e-03
9.557332821037139992e-01,1.179035435107422033e-03
9.554589244927720326e-01,1.178782185538512902e-03
9.551849387734083763e-01,1.178515517232222752e-03
9.549113128401016670e-01,1.178234899438424356e-03
9.546380344280062102e-01,1.177939762375000178e-03
9.543650911176457807e-01,1.177629497936502276e-03
9.540924703395510242e-01,1.177303460395707655e-03
9.538201593788443455e-01,1.176960967099411736e-03
9.535481453797681750e-01,1.176601299156089867e-03
9.532764153501623872e-01,1.176223702118464826e-03
9.530049561658833213e-01,1.175827386657874070e-03
9.527337545751749515e-01,1.175411529233759368e-03
9.524627972029851009e-01,1.174975272754884194e-03
9.521920705552259223e-01,1.174517727235564225e-03
9.519215610229907476e-01,1.174037970444307766e-03
9.516512548867099852e-01,1.173535048547269793e-03
9.513811383202630534e-01,1.173007976743776571e-03
9.511111973950372445e-01,1.172455739897299660e-03
9.508414180839341867e-01,1.171877293158557747e-03
9.505717862653295658e-01,1.171271562583743901e-03
9.503022877269827751e-01,1.170637445745619865e-03
9.500329081698956069e-01,1.169973812338982039e-03
9.497636332121236480e-01,1.169279504779710500e-03
9.494944483925393808e-01,1.168553338798256937e-03
9.492253391745489877e-01,1.167794104026606333e-03
9.489562909497549770e-01,1.167000564579321947e-03
9.486872890415817272e-01,1.166171459629322801e-03
9.484183187088454092e-01,1.165305503976792533e-03
9.481493651492828301e-01,1.164401388612912053e-03
9.478804135030313160e-01,1.163457781277713867e-03
9.476114488560644089e-01,1.162473327011879620e-03
9.473424562435813767e-01,1.161446648703399380e-03
9.470734206533535371e-01,1.160376347627479175e-03
9.468043270290230629e-01,1.159261003982270215e-03
9.465351602733607095e-01,1.158099177417805815e-03
9.462659052514765801e-01,1.156889407559954022e-03
9.459965467939904782e-01,1.155630214528359208e-03
9.457270697001570747e-01,1.154320099449826975e-03
9.454574587409498854e-01,1.152957544965183901e-03
9.451876986620990628e-01,1.151541015731561085e-03
9.449177741870931069e-01,1.150068958918693549e-03
9.446476700201338339e-01,1.148539804700373030e-03
9.443773708490529328e-01,1.146951966740501674e-03
9.441068613481844451e-01,1.145303842673510257e-03
9.438361261812004965e-01,1.143593814580270681e-03
9.435651500039028416e-01,1.141820249458050775e-03
9.432939174669784377e-01,1.139981499686055317e-03
9.430224132187101649e-01,1.138075903485122548e-03
9.427506219076525751e-01,1.136101785373283156e-03
9.424785281852683383e-01,1.134057456615220191e-03
9.422061167085229449e-01,1.131941215667801566e-03
9.419333721424432149e-01,1.129751348619768272e-03
9.416602791626385027e-01,1.127486129626922504e-03
9.413868224577821575e-01,1.125143821342753031e-03
9.411129867320571218e-01,1.122722675343273534e-03
9.408387567075642277e-01,1.120220932548180066e-03
9.405641171266926337e-01,1.117636823636295861e-03
9.402890527544566224e-01,1.114968569456976618e-03
9.400135483807913195e-01,1.112214381436174354e-03
9.397375888228187701e-01,1.109372461978603772e-03
9.394611589270741581e-01,1.106441004864184251e-03
9.391842435716973858e-01,1.103418195641104336e-03
9.389068276685922365e-01,1.100302212013565392e-03
9.386288961655477880e-01,1.097091224224927596e-03
9.383504340483279638e-01,1.093783395437085502e-03
9.380714263427261113e-01,1.090376882104175400e-03
9.377918581165867185e-01,1.086869834343394793e-03
9.375117144817906034e-01,1.083260396299914278e-03
9.372309805962124596e-01,1.079546706508488886e-03
9.369496416656420967e-01,1.075726898250098590e-03
9.366676829456723752e-01,1.071799099904732506e-03
9.363850897435584963e-01,1.067761435299622490e-03
9.361018474200412109e-01,1.063612024053373680e-03
9.358179413911426048e-01,1.059348981915737842e-03
9.355333571299273565e-01,1.054970421103497468e-03
9.352480801682341305e-01,1.050474450631899009e-03
9.349620960983762163e-01,1.045859176642302242e-03
9.346753905748131919e-01,1.041122702725129833e-03
9.343879493157882798e-01,1.036263130240019231e-03
9.340997581049398368e-01,1.031278558630267317e-03
9.338108027928830879e-01,1.026167085734799389e-03
9.335210692987585546e-01,1.020926808095211314e-03
9.332305436117561692e-01,1.015555821259597237e-03
9.329392117926061934e-01,1.010052220081802173e-03
9.326470599750464885e-01,1.004414099017327455e-03
9.323540743672570352e-01,9.986395524152829554e-04
9.320602412532684733e-01,9.927266748062416827e-04
9.317655469943426638e-01,9.866735611868558600e-04
9.314699780303259402e-01,9.804783073002940573e-04
9.311735208809747144e-01,9.741390099131943484e-04
9.308761621472549930e-01,9.676537670887419866e-04
9.305778885126122502e-01,9.610206784562640809e-04
9.302786867442193186e-01,9.542378454772922677e-04
9.299785436941950811e-01,9.473033717077037133e-04
9.296774463007982936e-01,9.402153630564524106e-04
9.293753815895924308e-01,9.329719280409996211e-04
9.290723366745933243e-01,9.255711780388355516e-04
9.287682987593810502e-01,9.180112275357602426e-04
9.284632551381947208e-01,9.102901943707358834e-04
9.281571931969985201e-01,9.024061999770854750e-04
9.278501004145266462e-01,8.943573696204762911e-04
9.275419643632983879e-01,8.861418326337062437e-04
9.272327727106162154e-01,8.777577226476082628e-04
9.269225132195343386e-01,8.692031778191631813e-04
9.266111737498071710e-01,8.604763410561027314e-04
9.262987422588132569e-01,8.515753602383047127e-04
9.259852068024542193e-01,8.424983884358337467e-04
9.256705555360362769e-01,8.332435841238686365e-04
9.253547767151236725e-01,8.238091113944932386e-04
9.250378586963708960e-01,8.141931401653460746e-04
9.247197899383363673e-01,8.043938463848384441e-04
9.244005590022686958e-01,7.944094122346806799e-04
9.240801545528759542e-01,7.842380263290698195e-04
9.237585653590706380e-01,7.738778839109782285e-04
9.234357802946950855e-01,7.633271870452734264e-04
9.231117883392239154e-01,7.525841448088055070e-04
9.227865785784471475e-01,7.416469734778143030e-04
9.224601402051336718e-01,7.305138967119776923e-04
9.221324625196711811e-01,7.191831457358845983e-04
9.218035349306894499e-01,7.076529595172972344e-04
9.214733469556597445e-01,6.959215849428334894e-04
9.211418882214803538e-01,6.839872769905486032e-04
9.208091484650346992e-01,6.718482988998281287e-04
9.204751175337378966e-01,6.595029223384286845e-04
9.201397853860586729e-01,6.469494275667334992e-04
9.198031420920258494e-01,6.341861035993253152e-04
9.194651778337123993e-01,6.212112483635709058e-04
9.191258829057058488e-01,6.080231688559156484e-04
9.187852477155562525e-01,5.946201812950921341e-04
9.184432627842080699e-01,5.810006112728792384e-04
9.180999187464130573e-01,5.671627939022123779e-04
9.177552063511272840e-01,5.531050739626059212e-04
9.174091164618870531e-01,5.388258060429344841e-04
9.170616400571730553e-01,5.243233546817461458e-04
9.167127682307514291e-01,5.095960945051765433e-04
9.163624921920017208e-01,4.946424103618071418e-04
9.160108032662268585e-01,4.794606974556885472e-04
9.156576928949470284e-01,4.640493614764124031e-04
9.153031526361762316e-01,4.484068187267539166e-04
9.149471741646832967e-01,4.325314962482365100e-04
9.145897492722377953e-01,4.164218319438422024e-04
9.142308698678383028e-01,4.000762746986363653e-04
9.138705279779260060e-01,3.834932844976852257e-04
9.135087157465836549e-01,3.666713325421172153e-04
9.131454254357166400e-01,3.496089013623794334e-04
9.127806494252226344e-01,3.323044849293839832e-04
9.124143802131434722e-01,3.147565887634345104e-04
9.120466104158034826e-01,2.969637300406721431e-04
9.116773327679327243e-01,2.789244376975427622e-04
9.113065401227758988e-01,2.606372525327542889e-04
9.109342254521882731e-01,2.421007273073736180e-04
9.105603818467153943e-01,2.233134268422082747e-04
9.101850025156611457e-01,2.042739281136881583e-04
9.098080807871401499e-01,1.849808203470042559e-04
9.094296101081176253e-01,1.654327051074970458e-04
9.090495840444363651e-01,1.456281963898610205e-04
9.086679962808296152e-01,1.255659207050307787e-04
9.082848406209205194e-01,1.052445171653265248e-04
9.079001109872106845e-01,8.466263756736605909e-05
9.075138014210532011e-01,6.381894647307279924e-05
9.071259060826161180e-01,4.271212128844636166e-05
9.067364192508308163e-01,2.134085234054593010e-05
9.063453353233302812e-01,-2.961570474665554432e-07
9.059526488163728297e-01,-2.220019048342961846e-05
9.055583543647583999e-01,-4.437251843512139931e-05
9.051624467217257441e-01,-6.681439816093701523e-05
9.047649207588465137e-01,-8.952707364294882036e-05
9.043657714659022462e-01,-1.125117755211570115e-04
9.039649939507498067e-01,-1.357697210302862792e-04
9.035625834391796118e-01,-1.593021139379176949e-04
9.031585352747608653e-01,-1.831101444846937407e-04
9.027528449186729143e-01,-2.071949893262873513e-04
9.023455079495311670e-01,-2.315578114771830488e-04
9.019365200631992430e-01,-2.561997602561322772e-04
9.015258770725906867e-01,-2.811219712333278735e-04
9.011135749074627999e-01,-3.063255661796300674e-04
9.006996096141959285e-01,-3.318116530171633994e-04
9.002839773555670888e-01,-3.575813257716471704e-04
8.998666744105124904e-01,-3.836356645267142095e-04
8.994476971738795124e-01,-4.099757353795368642e-04
8.990270421561677994e-01,-4.366025903982498932e-04
8.986047059832654726e-01,-4.635172675811207680e-04
8.981806853961707970e-01,-4.907207908170205289e-04
8.977549772507079640e-01,-5.182141698479668769e-04
8.973275785172334373e-01,-5.459984002327514675e-04
8.968984862803316416e-01,-5.740744633124754545e-04
8.964676977385037659e-01,-6.024433261775920213e-04
8.960352102038476874e-01,-6.311059416361580136e-04
8.956010211017279010e-01,-6.600632481842322926e-04
8.951651279704387898e-01,-6.893161699771182486e-04
8.947275284608592338e-01,-7.188656168025369525e-04
8.942882203360970061e-01,-7.487124840550012789e-04
8.938472014711291713e-01,-7.788576527119645421e-04
8.934044698524318262e-01,-8.093019893110169061e-04
8.929600235776019579e-01,-8.400463459287586202e-04
8.925138608549717523e-01,-8.710915601611054875e-04
8.920659800032184616e-01,-9.024384551047747024e-04
8.916163794509617269e-01,-9.340878393404513117e-04
8.911650577363575687e-01,-9.660405069170059167e-04
8.907120135066844968e-01,-9.982972373373351013e-04
8.902572455179206257e-01,-1.030858795545271968e-03
8.898007526343162388e-01,-1.063725931914113326e-03
8.893425338279588033e-01,-1.096899382236173190e-03
8.888825881783306571e-01,-1.130379867713841467e-03
8.884209148718604787e-01,-1.164168094951805463e-03
8.879575132014685401e-01,-1.198264755950544450e-03
8.874923825661054089e-01,-1.232670528101126794e-03
8.870255224702858765e-01,-1.267386074181078934e-03
8.865569325236120068e-01,-1.302412042351803242e-03
8.860866124402980715e-01,-1.337749066156889268e-03
8.856145620386806083e-01,-1.373397764521741646e-03
8.851407812407302567e-01,-1.409358741754303691e-03
8.846652700715538220e-01,-1.445632587547223411e-03
8.841880286588906790e-01,-1.482219876980694125e-03
8.837090572326066207e-01,-1.519121170526882558e-03
8.832283561241796033e-01,-1.556337014055355922e-03
8.827459257661793846e-01,-1.593867938839438380e-03
8.822617666917472734e-01,-1.631714461563801106e-03
8.817758795340637779e-01,-1.669877084333286398e-03
8.812882650258168082e-01,-1.708356294682496137e-03
8.807989239986627750e-01,-1.747152565586667641e-03
8.803078573826810249e-01,-1.786266355473649977e-03
8.798150662058290550e-01,-1.825698108236503041e-03
8.793205515933867344e-01,-1.865448253247750264e-03
8.788243147674015265e-01,-1.905517205374043744e-03
8.783263570461247172e-01,-1.945905364992233646e-03
8.778266798434467555e-01,-1.986613118006338562e-03
8.773252846683275985e-01,-2.027640835865124336e-03
8.768221731242219485e-01,-2.068988875581392883e-03
8.763173469085017153e-01,-2.110657579751299209e-03
8.758108078118719275e-01,-2.152647276575505274e-03
8.753025577177877548e-01,-2.194958279880561761e-03
8.747925986018637579e-01,-2.237590889141626016e-03
8.742809325312796975e-01,-2.280545389505779334e-03
8.737675616641853438e-01,-2.323822051816570259e-03
8.732524882490990681e-01,-2.367421132639158966e-03
8.727357146243046593e-01,-2.411342874286429190e-03
8.722172432172449197e-01,-2.455587504845840006e-03
8.716970765439115976e-01,-2.500155238207512308e-03
8.711752172082299905e-01,-2.545046274092635334e-03
8.706516679014454363e-01,-2.590260798083000773e-03
8.701264314015049184e-01,-2.635798981651211667e-03
8.695995105724296792e-01,-2.681660982191958614e-03
8.690709083636963816e-01,-2.727846943053653314e-03
8.685406278096066135e-01,-2.774356993571152393e-03
8.680086720286576130e-01,-2.821191249099169480e-03
8.674750442229076652e-01,-2.868349811046562014e-03
8.669397476773441635e-01,-2.915832766910994491e-03
8.664027857592438986e-01,-2.963640190314799534e-03
8.658641619175322379e-01,-3.011772141041331192e-03
8.653238796821439704e-01,-3.060228665071888527e-03
8.647819426633769346e-01,-3.109009794623733818e-03
8.642383545512455356e-01,-3.158115548188468978e-03
8.636931191148340403e-01,-3.207545930571220356e-03
8.631462402016445434e-01,-3.257300932930494875e-03
8.625977217369454886e-01,-3.307380532818739172e-03
8.620475677231183020e-01,-3.357784694223390955e-03
8.614957822390002518e-01,-3.408513367608931744e-03
8.609423694392278614e-01,-3.459566489959120007e-03
8.603873335535802136e-01,-3.510943984820082998e-03
8.598306788863140371e-01,-3.562645762344262938e-03
8.592724098155053447e-01,-3.614671719334362331e-03
8.587125307923858530e-01,-3.667021739288502721e-03
8.581510463406762934e-01,-3.719695692445704367e-03
8.575879610559238309e-01,-3.772693435831818692e-03
8.570232796048319335e-01,-3.826014813306271699e-03
8.564570067245957929e-01,-3.879659655609166494e-03
8.558891472222286412e-01,-3.933627780409313865e-03
8.553197059738972818e-01,-3.987918992352083337e-03
8.547486879242461866e-01,-4.042533083108673653e-03
8.541760980857291408e-01,-4.097469831425175520e-03
8.536019415379345610e-01,-4.152729003172555937e-03
8.530262234269131438e-01,-4.208310351397105686e-03
8.524489489645036278e-01,-4.264213616371177393e-03
8.518701234276583323e-01,-4.320438525644608799e-03
8.512897521577674764e-01,-4.376984794096639569e-03
8.507078405599842741e-01,-4.433852123988161163e-03
8.501243941025495854e-01,-4.491040205014579061e-03
8.495394183161124602e-01,-4.548548714358942140e-03
8.489529187930578980e-01,-4.606377316745851810e-03
8.483649011868261702e-01,-4.664525664495370282e-03
8.477753712112371387e-01,-4.722993397577682564e-03
8.471843346398131303e-01,-4.781780143668203434e-03
8.465917973051005907e-01,-4.840885518202820564e-03
8.459977650979940700e-01,-4.900309124433824617e-03
8.454022439670572098e-01,-4.960050553486090863e-03
8.448052399178472838e-01,-5.020109384413657186e-03
8.442067590122355192e-01,-5.080485184256894500e-03
8.436068073677334134e-01,-5.141177508099707520e-03
8.430053911568117231e-01,-5.202185899127319268e-03
8.424025166062276693e-01,-5.263509888684431148e-03
8.417981899963471459e-01,-5.325148996333713483e-03
8.411924176604685943e-01,-5.387102729914586621e-03
8.405852059841480983e-01,-5.449370585602364599e-03
8.399765614045259232e-01,-5.511952047967792583e-03
8.393664904096485024e-01,-5.574846590036807228e-03
8.387549995377983070e-01,-5.638053673350745462e-03
8.381420953768189408e-01,-5.701572748026721531e-03
8.375277845634424567e-01,-5.765403252818439468e-03
8.369120737826181156e-01,-5.829544615177329955e-03
8.362949697668429216e-01,-5.893996251313621260e-03
8.356764792954868293e-01,-5.958757566258310497e-03
8.350566091941286073e-01,-6.023827953924835651e-03
8.344353663338838212e-01,-6.089206797171342611e-03
8.338127576307394762e-01,-6.154893467863045003e-03
8.331887900448851081e-01,-6.220887326935251906e-03
8.325634705800503133e-01,-6.287187724455718142e-03
8.319368062828370602e-01,-6.353793999688482110e-03
8.313088042420582191e-01,-6.420705481156942056e-03
8.306794715880757574e-01,-6.487921486707512626e-03
8.300488154921380479e-01,-6.555441323573682998e-03
8.294168431657202856e-01,-6.623264288440158278e-03
8.287835618598680121e-01,-6.691389667506878608e-03
8.281489788645360894e-01,-6.759816736553972416e-03
8.275131015079385532e-01,-6.828544761006147615e-03
8.268759371558868088e-01,-6.897572995997834806e-03
8.262374932111424819e-01,-6.966900686438248086e-03
8.255977771127624987e-01,-7.036527067076678299e-03
8.249567963354504929e-01,-7.106451362567952831e-03
8.243145583889083250e-01,-7.176672787538101832e-03
8.236710708171860462e-01,-7.247190546650292449e-03
8.230263411980408561e-01,-7.318003834670658118e-03
8.223803771422907305e-01,-7.389111836534400200e-03
8.217331862931707143e-01,-7.460513727412293808e-03
8.210847763256966525e-01,-7.532208672776908275e-03
8.204351549460222603e-01,-7.604195828469235280e-03
8.197843298908046306e-01,-7.676474340765460092e-03
8.191323089265684088e-01,-7.749043346443644335e-03
8.184790998490719671e-01,-7.821901972850786935e-03
8.178247104826761316e-01,-7.895049337969835615e-03
8.171691486797144632e-01,-7.968484550486976820e-03
8.165124223198666487e-01,-8.042206709858596911e-03
8.158545393095312237e-01,-8.116214906379032659e-03
8.151955075812022944e-01,-8.190508221247845555e-03
8.145353350928480340e-01,-8.265085726637507249e-03
8.138740298272904017e-01,-8.339946485760843867e-03
8.132115997915888572e-01,-8.415089552939094414e-03
8.125480530164239656e-01,-8.490513973669231926e-03
8.118833975554818894e-01,-8.566218784692502392e-03
8.112176414848482064e-01,-8.642203014061780597e-03
8.105507929023926250e-01,-8.718465681209855780e-03
8.098828599271672424e-01,-8.795005797017422383e-03
8.092138506987985869e-01,-8.871822363881350093e-03
8.085437733768873203e-01,-8.948914375782544492e-03
8.078726361404067191e-01,-9.026280818354432203e-03
8.072004471871051523e-01,-9.103920668951173689e-03
8.065272147329113350e-01,-9.181832896715669615e-03
8.058529470113391380e-01,-9.260016462648245489e-03
8.051776522729006125e-01,-9.338470319674793338e-03
8.045013387845135755e-01,-9.417193412714974093e-03
8.038240148289168552e-01,-9.496184678751053154e-03
8.031456887040889780e-01,-9.575443046895695115e-03
8.024663687226649689e-01,-9.654967438460792389e-03
8.017860632113577024e-01,-9.734756767025723109e-03
8.011047805103824748e-01,-9.814809938505694026e-03
8.004225289728836845e-01,-9.895125851220149329e-03
7.997393169643639554e-01,-9.975703395961274880e-03
7.990551528621159250e-01,-1.005654145606209825e-02
7.983700450546538097e-01,-1.013763890746520804e-02
7.976840019411551852e-01,-1.021899461879067703e-02
7.969970319308959938e-01,-1.030060745140473286e-02
7.963091434426952109e-01,-1.038247625948776447e-02
7.956203449043579568e-01,-1.046459989010281415e-02
7.949306447521240493e-01,-1.054697718326358218e-02
7.942400514301182213e-01,-1.062960697200262747e-02
7.935485733898028915e-01,-1.071248808243960120e-02
7.928562190894322681e-01,-1.079561933384940234e-02
7.921629969935133353e-01,-1.087899953872980240e-02
7.914689155722650638e-01,-1.096262750286987851e-02
7.907739833010830610e-01,-1.104650202541787411e-02
7.900782086600071086e-01,-1.113062189894868832e-02
7.893816001331876997e-01,-1.121498590953204713e-02
7.886841662083630133e-01,-1.129959283680018016e-02
7.879859153763300039e-01,-1.138444145401537946e-02
7.872868561304257051e-01,-1.146953052813750110e-02
7.865869969660058691e-01,-1.155485881989172514e-02
7.858863463799286020e-01,-1.164042508383585604e-02
7.851849128700456593e-01,-1.172622806842749110e-02
7.844827049346848602e-01,-1.181226651609162612e-02
7.837797310721495991e-01,-1.189853916328752204e-02
7.830759997802103634e-01,-1.198504474057590467e-02
7.823715195556036894e-01,-1.207178197268594759e-02
7.816662988935354495e-01,-1.215874957858208497e-02
7.809603462871843593e-01,-1.224594627153082274e-02
7.802536702272090396e-01,-1.233337075916739189e-02
7.795462792012578523e-01,-1.242102174356240867e-02
7.788381816934851765e-01,-1.250889792128802476e-02
7.781293861840646864e-01,-1.259699798348476625e-02
7.774199011487110678e-01,-1.268532061592715469e-02
7.767097350582017334e-01,-1.277386449909036735e-02
7.759988963779032023e-01,-1.286262830821563972e-02
7.752873935672981442e-01,-1.295161071337681824e-02
7.745752350795186425e-01,-1.304081037954534471e-02
7.738624293608814542e-01,-1.313022596665645164e-02
7.731489848504248252e-01,-1.321985612967409122e-02
7.724349099794496354e-01,-1.330969951865688429e-02
7.717202131710645396e-01,-1.339975477882263295e-02
7.710049028397323312e-01,-1.349002055061388101e-02
7.702889873908208562e-01,-1.358049546976253588e-02
7.695724752201557051e-01,-1.367117816735483049e-02
7.688553747135792316e-01,-1.376206726989566941e-02
7.681376942465057978e-01,-1.385316139937342941e-02
7.674194421834905633e-01,-1.394445917332392398e-02
7.667006268777915023e-01,-1.403595920489472508e-02
7.659812566709401915e-01,-1.412766010290921262e-02
7.652613398923132637e-01,-1.421956047193032729e-02
7.645408848587096351e-01,-1.431165891232422452e-02
7.638198998739279544e-01,-1.440395402032389541e-02
7.630983932283496030e-01,-1.449644438809226561e-02
7.623763731985233605e-01,-1.458912860378567926e-02
7.616538480467530681e-01,-1.468200525161685206e-02
7.609308260206902874e-01,-1.477507291191748791e-02
7.602073153529299576e-01,-1.486833016120105329e-02
7.594833242606061630e-01,-1.496177557222532102e-02
7.587588609449936738e-01,-1.505540771405478040e-02
7.580339335911145948e-01,-1.514922515212243845e-02
7.573085503673441243e-01,-1.524322644829194905e-02
7.565827194250211996e-01,-1.533741016091942459e-02
7.558564488980636931e-01,-1.543177484491507941e-02
7.551297469025850528e-01,-1.552631905180422781e-02
7.544026215365144949e-01,-1.562104132978899863e-02
7.536750808792219702e-01,-1.571594022380889966e-02
7.529471329911445743e-01,-1.581101427560190065e-02
7.522187859134157328e-01,-1.590626202376491105e-02
7.514900476674996055e-01,-1.600168200381445888e-02
7.507609262548292639e-01,-1.609727274824628712e-02
7.500314296564434269e-01,-1.619303278659634665e-02
7.493015658326331874e-01,-1.628896064549953393e-02
7.485713427225834105e-01,-1.638505484875026758e-02
7.478407682440286752e-01,-1.648131391736130935e-02
7.471098502929012231e-01,-1.657773636962309866e-02
7.463785967429903412e-01,-1.667432072116293088e-02
7.456470154455986377e-01,-1.677106548500344879e-02
7.449151142292084193e-01,-1.686796917162148093e-02
7.441829008991425187e-01,-1.696503028900645665e-02
7.434503832372398868e-01,-1.706224734271816895e-02
7.427175690015207499e-01,-1.715961883594519302e-02
7.419844659258686415e-01,-1.725714326956228131e-02
7.412510817197042190e-01,-1.735481914218799451e-02
7.405174240676707376e-01,-1.745264495024201334e-02
7.397835006293176363e-01,-1.755061918800208259e-02
7.390493190387896760e-01,-1.764874034766108005e-02
7.383148869045174090e-01,-1.774700691938333949e-02
7.375802118089139769e-01,-1.784541739136134841e-02
7.368453013080717984e-01,-1.794397024987173794e-02
7.361101629314651396e-01,-1.804266397933131441e-02
7.353748041816530190e-01,-1.814149706235277867e-02
7.346392325339906604e-01,-1.824046797979996665e-02
7.339034554363343954e-01,-1.833957521084370046e-02
7.331674803087624426e-01,-1.843881723301623796e-02
7.324313145432882477e-01,-1.853819252226627384e-02
7.316949655035831501e-01,-1.863769955301360082e-02
7.309584405246983829e-01,-1.873733679820344458e-02
7.302217469127939564e-01,-1.883710272936024721e-02
7.294848919448675417e-01,-1.893699581664211318e-02
7.287478828684899046e-01,-1.903701452889383292e-02
7.280107269015382299e-01,-1.913715733370058986e-02
7.272734312319393268e-01,-1.923742269744115746e-02
7.265360030174098371e-01,-1.933780908534064522e-02
7.257984493852046581e-01,-1.943831496152328628e-02
7.250607774318662546e-01,-1.953893878906470122e-02
7.243229942229721940e-01,-1.963967903004439422e-02
7.235851067928992242e-01,-1.974053414559729866e-02
7.228471221445755823e-01,-1.984150259596580840e-02
7.221090472492434076e-01,-1.994258284055114641e-02
7.213708890462264822e-01,-2.004377333796455996e-02
7.206326544426988612e-01,-2.014507254607814796e-02
7.198943503134515032e-01,-2.024647892207569536e-02
7.191559835006715584e-01,-2.034799092250339989e-02
7.184175608137168823e-01,-2.044960700331969680e-02
7.176790890288985425e-01,-2.055132561994527096e-02
7.169405748892634378e-01,-2.065314522731322502e-02
7.162020251043830221e-01,-2.075506427991787722e-02
7.154634463501391428e-01,-2.085708123186458263e-02
7.147248452685217579e-01,-2.095919453691848233e-02
7.139862284674218795e-01,-2.106140264855319022e-02
7.132476025204331771e-01,-2.116370401999920214e-02
7.125089739666519151e-01,-2.126609710429232594e-02
7.117703493104829970e-01,-2.136858035432152858e-02
7.110317350214494514e-01,-2.147115222287658207e-02
7.102931375340013620e-01,-2.157381116269580998e-02
7.095545632473340136e-01,-2.167655562651272724e-02
7.088160185252008194e-01,-2.177938406710371727e-02
7.080775096957373504e-01,-2.188229493733411316e-02
7.073390430512835891e-01,-2.198528669020496581e-02
7.066006248482084029e-01,-2.208835777889924315e-02
7.058622613067437879e-01,-2.219150665682738735e-02
7.051239586108112301e-01,-2.229473177767355221e-02
7.043857229078631654e-01,-2.239803159544049085e-02
7.036475603087154473e-01,-2.250140456449516158e-02
7.029094768873941357e-01,-2.260484913961316802e-02
7.021714786809758468e-01,-2.270836377602379261e-02
7.014335716894364303e-01,-2.281194692945418337e-02
7.006957618755020878e-01,-2.291559705617347842e-02
6.999580551645001592e-01,-2.301931261303672566e-02
6.992204574442170140e-01,-2.312309205752849720e-02
6.984829745647561650e-01,-2.322693384780616724e-02
6.977456123384006004e-01,-2.333083644274306853e-02
6.970083765394753383e-01,-2.343479830197135391e-02
6.962712729042198623e-01,-2.353881788592421254e-02
6.955343071306525626e-01,-2.364289365587883551e-02
6.947974848784472801e-01,-2.374702407399793824e-02
6.940608117688107370e-01,-2.385120760337155338e-02
6.933242933843576372e-01,-2.395544270805897297e-02
6.925879352689943147e-01,-2.405972785312959078e-02
6.918517429278069342e-01,-2.416406150470393893e-02
6.911157218269406988e-01,-2.426844212999492920e-02
6.903798773934985977e-01,-2.437286819734760593e-02
6.896442150154290518e-01,-2.447733817627988778e-02
6.889087400414238838e-01,-2.458185053752240737e-02
6.881734577808156228e-01,-2.468640375305816009e-02
6.874383735034813592e-01,-2.479099629616186851e-02
6.867034924397422690e-01,-2.489562664143940215e-02
6.859688197802746856e-01,-2.500029326486659029e-02
6.852343606760187278e-01,-2.510499464382758353e-02
6.845001202380872618e-01,-2.520972925715391985e-02
6.837661035376851881e-01,-2.531449558516205706e-02
6.830323156060258416e-01,-2.541929210969133546e-02
6.822987614342488349e-01,-2.552411731414209323e-02
6.815654459733457848e-01,-2.562896968351235927e-02
6.808323741340851498e-01,-2.573384770443538222e-02
6.800995507869403989e-01,-2.583874986521637537e-02
6.793669807620204004e-01,-2.594367465586889729e-02
6.786346688490031420e-01,-2.604862056815163487e-02
6.779026197970743350e-01,-2.615358609560387848e-02
6.771708383148608013e-01,-2.625856973358186089e-02
6.764393290703781814e-01,-2.636356997929384036e-02
6.757080966909697617e-01,-2.646858533183575266e-02
6.749771457632550709e-01,-2.657361429222614146e-02
6.742464808330802528e-01,-2.667865536344059957e-02
6.735161064054662194e-01,-2.678370705044695252e-02
6.727860269445670172e-01,-2.688876786023866247e-02
6.720562468736220874e-01,-2.699383630186964061e-02
6.713267705749177416e-01,-2.709891088648747406e-02
6.705976023897517457e-01,-2.720399012736688174e-02
6.698687466183900208e-01,-2.730907253994344086e-02
6.691402075200406641e-01,-2.741415664184584586e-02
6.684119893128186440e-01,-2.751924095292926711e-02
6.676840961737189328e-01,-2.762432399530738783e-02
6.669565322385907491e-01,-2.772940429338463519e-02
6.662293016021123560e-01,-2.783448037388843582e-02
6.655024083177722982e-01,-2.793955076590052058e-02
6.647758563978471980e-01,-2.804461400088862841e-02
6.640496498133898751e-01,-2.814966861273748497e-02
6.633237924942103625e-01,-2.825471313777999996e-02
6.625982883288679126e-01,-2.835974611482756577e-02
6.618731411646606722e-01,-2.846476608520074128e-02
6.611483548076179106e-01,-2.856977159275941175e-02
6.604239330224960236e-01,-2.867476118393251852e-02
6.596998795327760901e-01,-2.877973340774796912e-02
6.589761980206633174e-01,-2.888468681586200265e-02
6.582528921270910383e-01,-2.898961996258796886e-02
6.575299654517225978e-01,-2.909453140492582537e-02
6.568074215529597915e-01,-2.919941970259043798e-02
6.560852639479524129e-01,-2.930428341803998846e-02
6.553634961126071357e-01,-2.940912111650434771e-02
6.546421214816048328e-01,-2.951393136601267869e-02
6.539211434484107910e-01,-2.961871273742146260e-02
6.532005653652991350e-01,-2.972346380444158831e-02
6.524803905433673723e-01,-2.982818314366576101e-02
6.517606222525619275e-01,-2.993286933459521001e-02
6.510412637217004583e-01,-3.003752095966662206e-02
6.503223181385003882e-01,-3.014213660427834604e-02
6.496037886496071057e-01,-3.024671485681656308e-02
6.488856783606221645e-01,-3.035125430868161264e-02
6.481679903361398098e-01,-3.045575355431322934e-02
6.474507275997800626e-01,-3.056021119121617863e-02
6.467338931342274666e-01,-3.066462581998540340e-02
6.460174898812672817e-01,-3.076899604433119481e-02
6.453015207418293375e-01,-3.087332047110371083e-02
6.445859885760300001e-01,-3.097759771031753998e-02
6.438708962032178018e-01,-3.108182637517598740e-02
6.431562464020211811e-01,-3.118600508209491001e-02
6.424420419103973323e-01,-3.129013245072672506e-02
6.417282854256826097e-01,-3.139420710398383579e-02
6.410149796046475945e-01,-3.149822766806176233e-02
6.403021270635517181e-01,-3.160219277246246322e-02
6.395897303781982179e-01,-3.170610105001706036e-02
6.388777920839963098e-01,-3.180995113690830017e-02
6.381663146760224725e-01,-3.191374167269291073e-02
6.374553006090786234e-01,-3.201747130032402133e-02
6.367447522977627283e-01,-3.212113866617262448e-02
6.360346721165321959e-01,-3.222474242004932238e-02
6.353250623997731550e-01,-3.232828121522603182e-02
6.346159254418705098e-01,-3.243175370845685634e-02
6.339072634972812148e-01,-3.253515855999900008e-02
6.331990787806078824e-01,-3.263849443363362607e-02
6.324913734666746112e-01,-3.274175999668642312e-02
6.317841496906034804e-01,-3.284495392004770781e-02
6.310774095478968171e-01,-3.294807487819233216e-02
6.303711550945152453e-01,-3.305112154919993134e-02
6.296653883469636170e-01,-3.315409261477397090e-02
6.289601112823738349e-01,-3.325698676026125206e-02
6.282553258385923378e-01,-3.335980267467139604e-02
6.275510339142678085e-01,-3.346253905069510731e-02
6.268472373689406574e-01,-3.356519458472347062e-02
6.261439380231368368e-01,-3.366776797686579781e-02
6.254411376584567694e-01,-3.377025793096851553e-02
6.247388380176759348e-01,-3.387266315463242222e-02
6.240370408048363515e-01,-3.397498235923119420e-02
6.233357476853496060e-01,-3.407721425992821240e-02
6.226349602860917765e-01,-3.417935757569458277e-02
6.219346801955084603e-01,-3.428141102932581036e-02
6.212349089637169142e-01,-3.438337334745884127e-02
6.205356481026101934e-01,-3.448524326058882011e-02
6.198368990859632888e-01,-3.458701950308544493e-02
6.191386633495424840e-01,-3.468870081320916954e-02
6.184409422912128251e-01,-3.479028593312742668e-02
6.177437372710500307e-01,-3.489177360893031682e-02
6.170470496114524028e-01,-3.499316259064607498e-02
6.163508805972561788e-01,-3.509445163225679426e-02
6.156552314758469979e-01,-3.519563949171340689e-02
6.149601034572825808e-01,-3.529672493095059593e-02
6.142654977144056394e-01,-3.539770671590172085e-02
6.135714153829661122e-01,-3.549858361651334060e-02
6.128778575617441771e-01,-3.559935440675922325e-02
6.121848253126681572e-01,-3.570001786465499399e-02
6.114923196609431955e-01,-3.580057277227176316e-02
6.108003415951743786e-01,-3.590101791574979578e-02
6.101088920674930804e-01,-3.600135208531229231e-02
6.094179719936874129e-01,-3.610157407527835038e-02
6.087275822533287917e-01,-3.620168268407632228e-02
6.080377236899060511e-01,-3.630167671425652692e-02
6.073483971109553403e-01,-3.640155497250430888e-02
6.066596032881939049e-01,-3.650131626965199411e-02
6.059713429576559784e-01,-3.660095942069157421e-02
6.052836168198278965e-01,-3.670048324478679402e-02
6.045964255397865417e-01,-3.679988656528478813e-02
6.039097697473365667e-01,-3.689916820972808514e-02
6.032236500371519483e-01,-3.699832700986577239e-02
6.025380669689152091e-01,-3.709736180166529201e-02
6.018530210674626346e-01,-3.719627142532291875e-02
6.011685128229232733e-01,-3.729505472527531312e-02
6.004845426908703709e-01,-3.739371055020963147e-02
5.998011110924604816e-01,-3.749223775307459344e-02
5.991182184145839029e-01,-3.759063519109057810e-02
5.984358650100155552e-01,-3.768890172575950492e-02
5.977540511975578674e-01,-3.778703622287542252e-02
5.970727772621975404e-01,-3.788503755253361249e-02
5.963920434552537619e-01,-3.798290458914069939e-02
5.957118499945325274e-01,-3.808063621142355332e-02
5.950321970644792957e-01,-3.817823130243898355e-02
5.943530848163354197e-01,-3.827568874958229422e-02
5.936745133682942432e-01,-3.837300744459635343e-02
5.929964828056543125e-01,-3.847018628358038483e-02
5.923189931809846875e-01,-3.856722416699812084e-02
5.916420445142768214e-01,-3.866411999968621255e-02
5.909656367931093168e-01,-3.876087269086237602e-02
5.902897699728080205e-01,-3.885748115413319853e-02
5.896144439766066725e-01,-3.895394430750209747e-02
5.889396586958124402e-01,-3.905026107337660618e-02
5.882654139899679002e-01,-3.914643037857588187e-02
5.875917096870180156e-01,-3.924245115433797060e-02
5.869185455834741161e-01,-3.933832233632676700e-02
5.862459214445825406e-01,-3.943404286463878666e-02
5.855738370044920593e-01,-3.952961168381003559e-02
5.849022919664210729e-01,-3.962502774282226914e-02
5.842312860028299193e-01,-3.972028999510969494e-02
5.835608187555897386e-01,-3.981539739856462812e-02
5.828908898361534474e-01,-3.991034891554395142e-02
5.822214988257284896e-01,-4.000514351287471487e-02
5.815526452754508080e-01,-4.009978016185972161e-02
5.808843287065578176e-01,-4.019425783828315529e-02
5.802165486105620440e-01,-4.028857552241581208e-02
5.795493044494286483e-01,-4.038273219902038108e-02
5.788825956557510644e-01,-4.047672685735619752e-02
5.782164216329268580e-01,-4.057055849118430813e-02
5.775507817553380274e-01,-4.066422609877175243e-02
5.768856753685254191e-01,-4.075772868289670448e-02
5.762211017893743570e-01,-4.085106525085206719e-02
5.755570603062871715e-01,-4.094423481445022550e-02
5.748935501793697167e-01,-4.103723639002671703e-02
5.742305706406108934e-01,-4.113006899844422193e-02
5.735681208940652809e-01,-4.122273166509605319e-02
5.729062001160338813e-01,-4.131522341991013259e-02
5.722448074552494157e-01,-4.140754329735197442e-02
5.715839420330623977e-01,-4.149969033642789129e-02
5.709236029436217663e-01,-4.159166358068848435e-02
5.702637892540619591e-01,-4.168346207823112742e-02
5.696045000046908724e-01,-4.177508488170283280e-02
5.689457342091746028e-01,-4.186653104830305450e-02
5.682874908547241866e-01,-4.195779963978589489e-02
5.676297689022846704e-01,-4.204888972246274143e-02
5.669725672867246269e-01,-4.213980036720388345e-02
5.663158849170207843e-01,-4.223053064944116280e-02
5.656597206764528707e-01,-4.232107964916942411e-02
5.650040734227902428e-01,-4.241144645094829108e-02
5.643489419884823999e-01,-4.250163014390406085e-02
5.636943251808533839e-01,-4.259162982173054363e-02
5.630402217822896294e-01,-4.268144458269090141e-02
5.623866305504322538e-01,-4.277107352961860565e-02
5.617335502183737894e-01,-4.286051576991825596e-02
5.610809794948463658e-01,-4.294977041556667652e-02
5.604289170644164431e-01,-4.303883658311368626e-02
5.597773615876810993e-01,-4.312771339368236950e-02
5.591263117014599882e-01,-4.321639997296978369e-02
5.584757660189904049e-01,-4.330489545124726475e-02
5.578257231301237962e-01,-4.339319896336044785e-02
5.571761816015198265e-01,-4.348130964872928134e-02
5.565271399768427774e-01,-4.356922665134838751e-02
5.558785967769587222e-01,-4.365694911978610510e-02
5.552305505001325914e-01,-4.374447620718464880e-02
5.545829996222219060e-01,-4.383180707125951259e-02
5.539359425968792827e-01,-4.391894087429869253e-02
5.532893778557463893e-01,-4.400587678316209006e-02
5.526433038086534522e-01,-4.409261396928048499e-02
5.519977188438173199e-01,-4.417915160865474450e-02
5.513526213280405264e-01,-4.426548888185440761e-02
5.507080096069109088e-01,-4.435162497401656106e-02
5.500638820049986721e-01,-4.443755907484454870e-02
5.494202368260575620e-01,-4.452329037860628530e-02
5.487770723532269246e-01,-4.460881808413246635e-02
5.481343868492268845e-01,-4.469414139481523579e-02
5.474921785565616261e-01,-4.477925951860603493e-02
5.468504456977202333e-01,-4.486417166801347917e-02
5.462091864753748638e-01,-4.494887706010173428e-02
5.455683990725863630e-01,-4.503337491648734536e-02
5.449280816530008842e-01,-4.511766446333797392e-02
5.442882323610520601e-01,-4.520174493136907418e-02
5.436488493221659501e-01,-4.528561555584158238e-02
5.430099306429568840e-01,-4.536927557655953680e-02
5.423714744114360720e-01,-4.545272423786644173e-02
5.417334786972073379e-01,-4.553596078864322050e-02
5.410959415516731763e-01,-4.561898448230455871e-02
5.404588610082365907e-01,-4.570179457679591356e-02
5.398222350825019333e-01,-4.578439033459019009e-02
5.391860617724772986e-01,-4.586677102268459788e-02
5.385503390587794703e-01,-4.594893591259672366e-02
5.379150649048350941e-01,-4.603088428036122143e-02
5.372802372570821827e-01,-4.611261540652611401e-02
5.366458540451748416e-01,-4.619412857614874079e-02
5.360119131821859950e-01,-4.627542307879196903e-02
5.353784125648093362e-01,-4.635649820852012770e-02
5.347453500735620535e-01,-4.643735326389500373e-02
5.341127235729895562e-01,-4.651798754797132479e-02
5.334805309118663130e-01,-4.659840036829267923e-02
5.328487699234011332e-01,-4.667859103688673517e-02
5.322174384254372281e-01,-4.675855887026121593e-02
5.315865342206582689e-01,-4.683830318939871673e-02
5.309560550967903358e-01,-4.691782331975210413e-02
5.303259988268028691e-01,-4.699711859123995028e-02
5.296963631691148366e-01,-4.707618833824123161e-02
5.290671458677956851e-01,-4.715503189959039526e-02
5.284383446527672890e-01,-4.723364861857230756e-02
5.278099572400104522e-01,-4.731203784291688336e-02
5.271819813317620840e-01,-4.739019892479399282e-02
5.265544146167224770e-01,-4.746813122080768138e-02
5.259272547702569245e-01,-4.754583409199077820e-02
5.253004994545942274e-01,-4.762330690379973364e-02
5.246741463190349730e-01,-4.770054902610814523e-02
5.240481930001498201e-01,-4.777755983320153277e-02
5.234226371219821150e-01,-4.785433870377130833e-02
5.227974762962509514e-01,-4.793088502090867009e-02
5.221727081225505662e-01,-4.800719817209891244e-02
5.215483301885562861e-01,-4.808327754921468133e-02
5.209243400702200377e-01,-4.815912254851055507e-02
5.203007353319778483e-01,-4.823473257061584168e-02
5.196775135269458001e-01,-4.831010702052889599e-02
5.190546721971243116e-01,-4.838524530761029174e-02
5.184322088735980882e-01,-4.846014684557630597e-02
5.178101210767334095e-01,-4.853481105249238259e-02
5.171884063163855183e-01,-4.860923735076620039e-02
5.165670620920914669e-01,-4.868342516714105339e-02
5.159460858932738425e-01,-4.875737393268885639e-02
5.153254751994393867e-01,-4.883108308280328241e-02
5.147052274803795013e-01,-4.890455205719258097e-02
5.140853401963663138e-01,-4.897778029987256976e-02
5.134658107983557374e-01,-4.905076725915945984e-02
5.128466367281834248e-01,-4.912351238766234779e-02
5.122278154187630550e-01,-4.919601514227615185e-02
5.116093442942863945e-01,-4.926827498417400003e-02
5.109912207704180309e-01,-4.934029137879988869e-02
5.103734422544956573e-01,-4.941206379586098735e-02
5.097560061457246938e-01,-4.948359170932007528e-02
5.091389098353791276e-01,-4.955487459738763117e-02
5.085221507069932478e-01,-4.962591194251441545e-02
5.079057261365594877e-01,-4.969670323138337953e-02
5.072896334927270434e-01,-4.976724795490165137e-02
5.066738701369931652e-01,-4.983754560819277785e-02
5.060584334239018878e-01,-4.990759569058852985e-02
5.054433207012359874e-01,-4.997739770562080464e-02
5.048285293102131588e-01,-5.004695116101350733e-02
5.042140565856788603e-01,-5.011625556867422421e-02
5.035998998563022688e-01,-5.018531044468584057e-02
5.029860564447669047e-01,-5.025411530929827647e-02
5.023725236679658090e-01,-5.032266968691995884e-02
5.017592988371909479e-01,-5.039097310610948094e-02
5.011463792583281673e-01,-5.045902509956683851e-02
5.005337622320492619e-01,-5.052682520412482559e-02
4.999214450540005461e-01,-5.059437296074042328e-02
4.993094250149952007e-01,-5.066166791448609846e-02
4.986976994012038977e-01,-5.072870961454081090e-02
4.980862654943442602e-01,-5.079549761418132581e-02
4.974751205718712099e-01,-5.086203147077317244e-02
4.968642619071638733e-01,-5.092831074576185252e-02
4.962536867697167065e-01,-5.099433500466348662e-02
4.956433924253267342e-01,-5.106010381705604340e-02
4.950333761362795126e-01,-5.112561675657017329e-02
4.944236351615395875e-01,-5.119087340087967453e-02
4.938141667569345694e-01,-5.125587333169254883e-02
4.932049681753422621e-01,-5.132061613474177275e-02
4.925960366668758472e-01,-5.138510139977570113e-02
4.919873694790687368e-01,-5.144932872054890777e-02
4.913789638570614238e-01,-5.151329769481233917e-02
4.907708170437843354e-01,-5.157700792430430087e-02
4.901629262801388554e-01,-5.164045901474057648e-02
4.895552888051846741e-01,-5.170365057580509488e-02
4.889479018563204771e-01,-5.176658222113984104e-02
4.883407626694650228e-01,-5.182925356833571751e-02
4.877338684792402734e-01,-5.189166423892240670e-02
4.871272165191502523e-01,-5.195381385835886462e-02
4.865208040217650076e-01,-5.201570205602310676e-02
4.859146282188958610e-01,-5.207732846520275044e-02
4.853086863417779284e-01,-5.213869272308495340e-02
4.847029756212471452e-01,-5.219979447074634543e-02
4.840974932879193449e-01,-5.226063335314317521e-02
4.834922365723677284e-01,-5.232120901910117944e-02
4.828872027052970584e-01,-5.238152112130562560e-02
4.822823889177241252e-01,-5.244156931629102847e-02
4.816777924411516643e-01,-5.250135326443092915e-02
4.810734105077407174e-01,-5.256087262992826387e-02
4.804692403504904341e-01,-5.262012708080423401e-02
4.798652792034066028e-01,-5.267911628888870268e-02
4.792615243016795645e-01,-5.273783992980966145e-02
4.786579728818516344e-01,-5.279629768298300940e-02
4.780546221819945152e-01,-5.285448923160179779e-02
4.774514694418763305e-01,-5.291241426262632830e-02
4.768485119031342090e-01,-5.297007246677332831e-02
4.762457468094441482e-01,-5.302746353850565364e-02
4.756431714066901018e-01,-5.308458717602160259e-02
4.750407829431340101e-01,-5.314144308124448685e-02
4.744385786695793916e-01,-5.319803095981216756e-02
4.738365558395450372e-01,-5.325435052106612666e-02
4.732347117094263811e-01,-5.331040147804118334e-02
4.726330435386658091e-01,-5.336618354745438497e-02
4.720315485899137520e-01,-5.342169644969475828e-02
4.714302241291961626e-01,-5.347693990881229736e-02
4.708290674260779962e-01,-5.353191365250731942e-02
4.702280757538260247e-01,-5.358661741211952212e-02
4.696272463895707627e-01,-5.364105092261740870e-02
4.690265766144703918e-01,-5.369521392258723436e-02
4.684260637138689121e-01,-5.374910615422226479e-02
4.678257049774601772e-01,-5.380272736331175032e-02
4.672254976994431597e-01,-5.385607729923023307e-02
4.666254391786859856e-01,-5.390915571492630592e-02
4.660255267188792572e-01,-5.396196236691191278e-02
4.654257576286979781e-01,-5.401449701525122549e-02
4.648261292219545426e-01,-5.406675942354967346e-02
4.642266388177572756e-01,-5.411874935894279981e-02
4.636272837406645864e-01,-5.417046659208545750e-02
4.630280613208408447e-01,-5.422191089714040180e-02
4.624289688942083143e-01,-5.427308205176743089e-02
4.618300038026015297e-01,-5.432397983711229061e-02
4.612311633939193967e-01,-5.437460403779528079e-02
4.606324450222765154e-01,-5.442495444190036114e-02
4.600338460481535052e-01,-5.447503084096400050e-02
4.594353638385479943e-01,-5.452483302996366521e-02
4.588369957671233901e-01,-5.457436080730689032e-02
4.582387392143569271e-01,-5.462361397482008718e-02
4.576405915676891589e-01,-5.467259233773703181e-02
4.570425502216679536e-01,-5.472129570468787368e-02
4.564446125780964314e-01,-5.476972388768779065e-02
4.558467760461784035e-01,-5.481787670212558139e-02
4.552490380426626460e-01,-5.486575396675255623e-02
4.546513959919859516e-01,-5.491335550367106022e-02
4.540538473264173480e-01,-5.496068113832328073e-02
4.534563894861995403e-01,-5.500773069947971494e-02
4.528590199196891875e-01,-5.505450401922809545e-02
4.522617360834995659e-01,-5.510100093296181611e-02
4.516645354426387926e-01,-5.514722127936867030e-02
4.510674154706501571e-01,-5.519316490041926981e-02
4.504703736497477351e-01,-5.523883164135597740e-02
4.498734074709567210e-01,-5.528422135068113835e-02
4.492765144342469874e-01,-5.532933388014605464e-02
4.486796920486714191e-01,-5.537416908473919569e-02
4.480829378324988066e-01,-5.541872682267495048e-02
4.474862493133476282e-01,-5.546300695538231712e-02
4.468896240283214971e-01,-5.550700934749309284e-02
4.462930595241395570e-01,-5.555073386683074405e-02
4.456965533572678217e-01,-5.559418038439885301e-02
4.451001030940506253e-01,-5.563734877436962711e-02
4.445037063108404629e-01,-5.568023891407249126e-02
4.439073605941263323e-01,-5.572285068398242364e-02
4.433110635406624644e-01,-5.576518396770876324e-02
4.427148127575953884e-01,-5.580723865198346234e-02
4.421186058625895532e-01,-5.584901462664982469e-02
4.415224404839537820e-01,-5.589051178465083425e-02
4.409263142607670050e-01,-5.593173002201776156e-02
4.403302248429987187e-01,-5.597266923785861742e-02
4.397341698916358843e-01,-5.601332933434667594e-02
4.391381470788019437e-01,-5.605371021670901843e-02
4.385421540878802205e-01,-5.609381179321498018e-02
4.379461886136332693e-01,-5.613363397516454162e-02
4.373502483623225578e-01,-5.617317667687713595e-02
4.367543310518268718e-01,-5.621243981567979053e-02
4.361584344117603318e-01,-5.625142331189592754e-02
4.355625561835903548e-01,-5.629012708883356086e-02
4.349666941207513959e-01,-5.632855107277415924e-02
4.343708459887617446e-01,-5.636669519296080844e-02
4.337750095653382099e-01,-5.640455938158688703e-02
4.331791826405075874e-01,-5.644214357378456171e-02
4.325833630167208455e-01,-5.647944770761334499e-02
4.319875485089639811e-01,-5.651647172404845182e-02
4.313917369448703742e-01,-5.655321556696942670e-02
4.307959261648270366e-01,-5.658967918314873613e-02
4.302001140220874098e-01,-5.662586252224011824e-02
4.296042983828773920e-01,-5.666176553676727928e-02
4.290084771265029739e-01,-5.669738818211227105e-02
4.284126481454572644e-01,-5.673273041650416654e-02
4.278168093455247956e-01,-5.676779220100756224e-02
4.272209586458851627e-01,-5.680257349951116363e-02
4.266250939792203267e-01,-5.683707427871621809e-02
4.260292132918134245e-01,-5.687129450812525300e-02
4.254333145436525188e-01,-5.690523416003057111e-02
4.248373957085318509e-01,-5.693889320950273891e-02
4.242414547741495401e-01,-5.697227163437944275e-02
4.236454897422094468e-01,-5.700536941525376211e-02
4.230494986285193715e-01,-5.703818653546301881e-02
4.224534794630849244e-01,-5.707072298107728620e-02
4.218574302902099449e-01,-5.710297874088802322e-02
4.212613491685906486e-01,-5.713495380639671550e-02
4.206652341714088306e-01,-5.716664817180364816e-02
4.200690833864273444e-01,-5.719806183399633870e-02
4.194728949160831943e-01,-5.722919479253826130e-02
4.188766668775770197e-01,-5.726004704965768910e-02
4.182803974029668526e-01,-5.729061861023623803e-02
4.176840846392566031e-01,-5.732090948179761891e-02
4.170877267484849882e-01,-5.735091967449628542e-02
4.164913219078162365e-01,-5.738064920110622080e-02
4.158948683096238552e-01,-5.741009807700973161e-02
4.152983641615790034e-01,-5.743926632018605399e-02
4.147018076867369230e-01,-5.746815395120025149e-02
4.141051971236204277e-01,-5.749676099319188383e-02
4.135085307263028365e-01,-5.752508747186395321e-02
4.129118067644918511e-01,-5.755313341547149686e-02
4.123150235236128780e-01,-5.758089885481060266e-02
4.117181793048862448e-01,-5.760838382320714046e-02
4.111212724254107997e-01,-5.763558835650566675e-02
4.105243012182409612e-01,-5.766251249305818366e-02
4.099272640324669315e-01,-5.768915627371319632e-02
4.093301592332889705e-01,-5.771551974180450656e-02
4.087329852020974985e-01,-5.774160294314006209e-02
4.081357403365453718e-01,-5.776740592599104857e-02
4.075384230506254868e-01,-5.779292874108056532e-02
4.069410317747408912e-01,-5.781817144157308519e-02
4.063435649557810003e-01,-5.784313408306285959e-02
4.057460210571917636e-01,-5.786781672356321182e-02
4.051483985590468850e-01,-5.789221942349563610e-02
4.045506959581169348e-01,-5.791634224567858424e-02
4.039529117679409587e-01,-5.794018525531673125e-02
4.033550445188923139e-01,-5.796374851998994937e-02
4.027570927582461158e-01,-5.798703210964236548e-02
4.021590550502471828e-01,-5.801003609657158500e-02
4.015609299761753181e-01,-5.803276055541767287e-02
4.009627161344073709e-01,-5.805520556315243996e-02
4.003644121404844047e-01,-5.807737119906852125e-02
3.997660166271722049e-01,-5.809925754476855803e-02
3.991675282445235062e-01,-5.812086468415450513e-02
3.985689456599397773e-01,-5.814219270341668133e-02
3.979702675582307836e-01,-5.816324169102324304e-02
3.973714926416722637e-01,-5.818401173770924167e-02
3.967726196300676023e-01,-5.820450293646608347e-02
3.961736472608008985e-01,-5.822471538253064932e-02
3.955745742888971961e-01,-5.824464917337482395e-02
3.949753994870756624e-01,-5.826430440869476840e-02
3.943761216458056551e-01,-5.828368119040024109e-02
3.937767395733585141e-01,-5.830277962260404373e-02
3.931772520958615180e-01,-5.832159981161154361e-02
3.925776580573517305e-01,-5.834014186590986278e-02
3.919779563198224626e-01,-5.835840589615765017e-02
3.913781457632783400e-01,-5.837639201517429155e-02
3.907782252857812666e-01,-5.839410033792962612e-02
3.901781938034987740e-01,-5.841153098153335776e-02
3.895780502507537046e-01,-5.842868406522472302e-02
3.889777935800695641e-01,-5.844555971036187458e-02
3.883774227622148745e-01,-5.846215804041179909e-02
3.877769367862499150e-01,-5.847847918093961039e-02
3.871763346595688549e-01,-5.849452325959843962e-02
3.865756154079443840e-01,-5.851029040611904763e-02
3.859747780755691804e-01,-5.852578075229943749e-02
3.853738217250958775e-01,-5.854099443199473757e-02
3.847727454376795309e-01,-5.855593158110682095e-02
3.841715483130150322e-01,-5.857059233757418160e-02
3.835702294693771330e-01,-5.858497684136167866e-02
3.829687880436574710e-01,-5.859908523445035017e-02
3.823672231914002073e-01,-5.861291766082737942e-02
3.817655340868409408e-01,-5.862647426647575599e-02
3.811637199229384598e-01,-5.863975519936446418e-02
3.805617799114112687e-01,-5.865276060943813707e-02
3.799597132827688961e-01,-5.866549064860723806e-02
3.793575192863461454e-01,-5.867794547073790223e-02
3.787551971903330705e-01,-5.869012523164200690e-02
3.781527462818067842e-01,-5.870203008906725584e-02
3.775501658667607674e-01,-5.871366020268702773e-02
3.769474552701325698e-01,-5.872501573409079356e-02
3.763446138358358950e-01,-5.873609684677398579e-02
3.757416409267810287e-01,-5.874690370612817292e-02
3.751385359249086449e-01,-5.875743647943140746e-02
3.745352982312093459e-01,-5.876769533583816457e-02
3.739319272657522508e-01,-5.877768044636980105e-02
3.733284224677054786e-01,-5.878739198390463272e-02
3.727247832953627382e-01,-5.879683012316834489e-02
3.721210092261612590e-01,-5.880599504072427097e-02
3.715170997567067146e-01,-5.881488691496368493e-02
3.709130544027902654e-01,-5.882350592609614237e-02
3.703088726994117064e-01,-5.883185225614000202e-02
3.697045542007935670e-01,-5.883992608891277371e-02
3.691000984804041485e-01,-5.884772761002154268e-02
3.684955051309694585e-01,-5.885525700685347722e-02
3.678907737644929732e-01,-5.886251446856635011e-02
3.672859040122694041e-01,-5.886950018607909479e-02
3.666808955248986313e-01,-5.887621435206227827e-02
3.660757479723006913e-01,-5.888265716092881685e-02
3.654704610437289336e-01,-5.888882880882453930e-02
3.648650344477777363e-01,-5.889472949361882620e-02
3.642594679124007695e-01,-5.890035941489532578e-02
3.636537611849139373e-01,-5.890571877394262107e-02
3.630479140320106990e-01,-5.891080777374504973e-02
3.624419262397671759e-01,-5.891562661897341985e-02
3.618357976136520326e-01,-5.892017551597581587e-02
3.612295279785307511e-01,-5.892445467276844623e-02
3.606231171786756784e-01,-5.892846429902647704e-02
3.600165650777686910e-01,-5.893220460607492828e-02
3.594098715589060800e-01,-5.893567580687963936e-02
3.588030365246036579e-01,-5.893887811603817917e-02
3.581960598967985909e-01,-5.894181174977080467e-02
3.575889416168512303e-01,-5.894447692591153060e-02
3.569816816455482766e-01,-5.894687386389908801e-02
3.563742799631006708e-01,-5.894900278476807032e-02
3.557667365691469241e-01,-5.895086391114007923e-02
3.551590514827487333e-01,-5.895245746721472502e-02
3.545512247423905361e-01,-5.895378367876080716e-02
3.539432564059777353e-01,-5.895484277310761301e-02
3.533351465508320910e-01,-5.895563497913610534e-02
3.527268952736871688e-01,-5.895616052727005452e-02
3.521185026906872850e-01,-5.895641964946748276e-02
3.515099689373747949e-01,-5.895641257921190731e-02
3.509012941686901477e-01,-5.895613955150372926e-02
3.502924785589618950e-01,-5.895560080285153909e-02
3.496835223018983640e-01,-5.895479657126350553e-02
3.490744256105793308e-01,-5.895372709623895868e-02
3.484651887174476381e-01,-5.895239261875977188e-02
3.478558118742959282e-01,-5.895079338128179219e-02
3.472462953522585938e-01,-5.894892962772645822e-02
3.466366394417995100e-01,-5.894680160347245956e-02
3.460268444526973797e-01,-5.894440955534703541e-02
3.454169107140342976e-01,-5.894175373161788384e-02
3.448068385741813735e-01,-5.893883438198473101e-02
3.441966284007829113e-01,-5.893565175757094904e-02
3.435862805807431974e-01,-5.893220611091534028e-02
3.429757955202069608e-01,-5.892849769596395643e-02
3.423651736445447735e-01,-5.892452676806165385e-02
3.417544153983350097e-01,-5.892029358394415550e-02
3.411435212453437504e-01,-5.891579840172975896e-02
3.405324916685080194e-01,-5.891104148091122483e-02
3.399213271699134675e-01,-5.890602308234771378e-02
3.393100282707748883e-01,-5.890074346825672352e-02
3.386985955114150126e-01,-5.889520290220599807e-02
3.380870294512424712e-01,-5.888940164910563130e-02
3.374753306687274801e-01,-5.888333997520001084e-02
3.368634997613806359e-01,-5.887701814805988698e-02
3.362515373457267143e-01,-5.887043643657451780e-02
3.356394440572804672e-01,-5.886359511094377966e-02
3.350272205505216427e-01,-5.885649444267029157e-02
3.344148674988680070e-01,-5.884913470455160889e-02
3.338023855946478657e-01,-5.884151617067245876e-02
3.331897755490728641e-01,-5.883363911639705873e-02
3.325770380922105085e-01,-5.882550381836124109e-02
3.319641739729529695e-01,-5.881711055446489644e-02
3.313511839589894370e-01,-5.880845960386427845e-02
3.307380688367744792e-01,-5.879955124696439189e-02
3.301248294114967896e-01,-5.879038576541133904e-02
3.295114665070484339e-01,-5.878096344208489504e-02
3.288979809659914877e-01,-5.877128456109079885e-02
3.282843736495251186e-01,-5.876134940775345344e-02
3.276706454374521682e-01,-5.875115826860822371e-02
3.270567972281442914e-01,-5.874071143139426160e-02
3.264428299385069288e-01,-5.873000918504688028e-02
3.258287445039434460e-01,-5.871905181969031690e-02
3.252145418783197739e-01,-5.870783962663034261e-02
3.246002230339255501e-01,-5.869637289834696292e-02
3.239857889614374820e-01,-5.868465192848709017e-02
3.233712406698816544e-01,-5.867267701185743117e-02
3.227565791865929512e-01,-5.866044844441701406e-02
3.221418055571770855e-01,-5.864796652327035342e-02
3.215269208454691330e-01,-5.863523154665994941e-02
3.209119261334940076e-01,-5.862224381395938350e-02
3.202968225214227749e-01,-5.860900362566618532e-02
3.196816111275335714e-01,-5.859551128339472725e-02
3.190662930881658088e-01,-5.858176708986920223e-02
3.184508695576797055e-01,-5.856777134891661546e-02
3.178353417084101018e-01,-5.855352436545983863e-02
3.172197107306233277e-01,-5.853902644551073342e-02
3.166039778324711840e-01,-5.852427789616305998e-02
3.159881442399458673e-01,-5.850927902558580862e-02
3.153722111968336739e-01,-5.849403014301620546e-02
3.147561799646670377e-01,-5.847853155875301634e-02
3.141400518226786232e-01,-5.846278358414961490e-02
3.135238280677523637e-01,-5.844678653160734205e-02
3.129075100143736687e-01,-5.843054071456874055e-02
3.122910989945827387e-01,-5.841404644751089364e-02
3.116745963579231615e-01,-5.839730404593870827e-02
3.110580034713912867e-01,-5.838031382637828143e-02
3.104413217193855434e-01,-5.836307610637043314e-02
3.098245525036557591e-01,-5.834559120446385083e-02
3.092076972432500348e-01,-5.832785944020892066e-02
3.085907573744626209e-01,-5.830988113415084412e-02
3.079737343507802927e-01,-5.829165660782342079e-02
3.073566296428297817e-01,-5.827318618374251885e-02
3.067394447383214873e-01,-5.825447018539950395e-02
3.061221811419969629e-01,-5.823550893725515376e-02
3.055048403755711850e-01,-5.821630276473296894e-02
3.048874239776797057e-01,-5.819685199421307381e-02
3.042699335038177577e-01,-5.817715695302580481e-02
3.036523705262888506e-01,-5.815721796944546551e-02
3.030347366341424320e-01,-5.813703537268403304e-02
3.024170334331187093e-01,-5.811660949288507960e-02
3.017992625455893640e-01,-5.809594066111743033e-02
3.011814256104978771e-01,-5.807502920936906399e-02
3.005635242833010201e-01,-5.805387547054098596e-02
2.999455602359086259e-01,-5.803247977844117750e-02
2.993275351566220266e-01,-5.801084246777849646e-02
2.987094507500748231e-01,-5.798896387415653636e-02
2.980913087371699910e-01,-5.796684433406785325e-02
2.974731108550177638e-01,-5.794448418488768598e-02
2.968548588568737934e-01,-5.792188376486825246e-02
2.962365545120765886e-01,-5.789904341313267810e-02
2.956181996059826234e-01,-5.787596346966920879e-02
2.949997959399036640e-01,-5.785264427532519488e-02
2.943813453310417105e-01,-5.782908617180141514e-02
2.937628496124243260e-01,-5.780528950164620650e-02
2.931443106328394110e-01,-5.778125460824959370e-02
2.925257302567685347e-01,-5.775698183583764106e-02
2.919071103643223752e-01,-5.773247152946678340e-02
2.912884528511724413e-01,-5.770772403501790021e-02
2.906697596284845142e-01,-5.768273969919087557e-02
2.900510326228509239e-01,-5.765751886949886662e-02
2.894322737762229369e-01,-5.763206189426266224e-02
2.888134850458414227e-01,-5.760636912260517356e-02
2.881946684041685192e-01,-5.758044090444579266e-02
2.875758258388187438e-01,-5.755427759049489000e-02
2.869569593524873841e-01,-5.752787953224837436e-02
2.863380709628828291e-01,-5.750124708198211393e-02
2.857191627026536285e-01,-5.747438059274651706e-02
2.851002366193196025e-01,-5.744728041836121707e-02
2.844812947751978460e-01,-5.741994691340952112e-02
2.838623392473334506e-01,-5.739238043323314359e-02
2.832433721274252858e-01,-5.736458133392679376e-02
2.826243955217546677e-01,-5.733654997233295775e-02
2.820054115511114179e-01,-5.730828670603650699e-02
2.813864223507210327e-01,-5.727979189335952181e-02
2.807674300701702430e-01,-5.725106589335603874e-02
2.801484368733330177e-01,-5.722210906580674911e-02
2.795294449382967894e-01,-5.719292177121397536e-02
2.789104564572856826e-01,-5.716350437079641827e-02
2.782914736365869057e-01,-5.713385722648400833e-02
2.776724986964736464e-01,-5.710398070091287498e-02
2.770535338711309081e-01,-5.707387515742024658e-02
2.764345814085757413e-01,-5.704354096003932256e-02
2.758156435705847453e-01,-5.701297847349440229e-02
2.751967226326128002e-01,-5.698218806319571561e-02
2.745778208837185153e-01,-5.695117009523457952e-02
2.739589406264843485e-01,-5.691992493637838130e-02
2.733400841769397238e-01,-5.688845295406563113e-02
2.727212538644820383e-01,-5.685675451640117423e-02
2.721024520317978923e-01,-5.682482999215120179e-02
2.714836810347830975e-01,-5.679267975073844232e-02
2.708649432424641290e-01,-5.676030416223737385e-02
2.702462410369181889e-01,-5.672770359736927642e-02
2.696275768131927153e-01,-5.669487842749778433e-02
2.690089529792237255e-01,-5.666182902462375132e-02
2.683903719557574896e-01,-5.662855576138071251e-02
2.677718361762675414e-01,-5.659505901103023540e-02
2.671533480868739097e-01,-5.656133914745715280e-02
2.665349101462614612e-01,-5.652739654516486523e-02
2.659165248255963010e-01,-5.649323157927086531e-02
2.652981946084465026e-01,-5.645884462550199850e-02
2.646799219906970646e-01,-5.642423606018991816e-02
2.640617094804675324e-01,-5.638940626026660297e-02
2.634435595980290090e-01,-5.635435560325962462e-02
2.628254748757215542e-01,-5.631908446728795675e-02
2.622074578578683091e-01,-5.628359323105705525e-02
2.615895111006937834e-01,-5.624788227385486838e-02
2.609716371722378692e-01,-5.621195197554700040e-02
2.603538386522723513e-01,-5.617580271657252045e-02
2.597361181322157542e-01,-5.613943487793944531e-02
2.591184782150480204e-01,-5.610284884122050675e-02
2.585009215152256346e-01,-5.606604498854866198e-02
2.578834506585960806e-01,-5.602902370261277076e-02
2.572660682823118550e-01,-5.599178536665341127e-02
2.566487770347439801e-01,-5.595433036445847386e-02
2.560315795753970725e-01,-5.591665908035892835e-02
2.554144785748207469e-01,-5.587877189922466764e-02
2.547974767145255170e-01,-5.584066920646010151e-02
2.541805766868928118e-01,-5.580235138800020839e-02
2.535637811950907095e-01,-5.576381883030612219e-02
2.529470929529847867e-01,-5.572507192036116330e-02
2.523305146850507996e-01,-5.568611104566657116e-02
2.517140491262869761e-01,-5.564693659423746580e-02
2.510976990221260863e-01,-5.560754895459878167e-02
2.504814671283470129e-01,-5.556794851578111816e-02
2.498653562109867943e-01,-5.552813566731671507e-02
2.492493690462510292e-01,-5.548811079923549744e-02
2.486335084204260581e-01,-5.544787430206098849e-02
2.480177771297894518e-01,-5.540742656680636841e-02
2.474021779805206100e-01,-5.536676798497041502e-02
2.467867137886121109e-01,-5.532589894853370827e-02
2.461713873797791996e-01,-5.528481984995456400e-02
2.455562015893713868e-01,-5.524353108216532166e-02
2.449411592622807443e-01,-5.520203303856814625e-02
2.443262632528535594e-01,-5.516032611303148953e-02
2.437115164247991572e-01,-5.511841069988601682e-02
2.430969216510996955e-01,-5.507628719392090172e-02
2.424824818139200977e-01,-5.503395599038000269e-02
2.418681998045158765e-01,-5.499141748495794957e-02
2.412540785231447049e-01,-5.494867207379655616e-02
2.406401208789737678e-01,-5.490572015348103158e-02
2.400263297899880022e-01,-5.486256212103609448e-02
2.394127081829008352e-01,-5.481919837392245504e-02
2.387992589930619247e-01,-5.477562931003299856e-02
2.381859851643643999e-01,-5.473185532768915645e-02
2.375728896491552666e-01,-5.468787682563726327e-02
2.369599754081425924e-01,-5.464369420304490688e-02
2.363472454103032194e-01,-5.459930785949718146e-02
2.357347026327921979e-01,-5.455471819499339847e-02
2.351223500608482231e-01,-5.450992560994315922e-02
2.345101906877045672e-01,-5.446493050516297563e-02
2.338982275144942946e-01,-5.441973328187270365e-02
2.332864635501583350e-01,-5.437433434169184482e-02
2.326749018113543066e-01,-5.432873408663640991e-02
2.320635453223620914e-01,-5.428293291911494983e-02
2.314523971149925474e-01,-5.423693124192552339e-02
2.308414602284931949e-01,-5.419072945825182536e-02
2.302307377094575946e-01,-5.414432797166002925e-02
2.296202326117297299e-01,-5.409772718609524161e-02
2.290099479963135232e-01,-5.405092750587815048e-02
2.283998869312774405e-01,-5.400392933570149351e-02
2.277900524916633140e-01,-5.395673308062683832e-02
2.271804477593919180e-01,-5.390933914608117550e-02
2.265710758231701538e-01,-5.386174793785351161e-02
2.259619397783965977e-01,-5.381395986209149690e-02
2.253530427270708514e-01,-5.376597532529824031e-02
2.247443877776963139e-01,-5.371779473432902741e-02
2.241359780451901706e-01,-5.366941849638783013e-02
2.235278166507875530e-01,-5.362084701902423978e-02
2.229199067219489183e-01,-5.357208071013012940e-02
2.223122513922660415e-01,-5.352311997793637172e-02
2.217048538013688674e-01,-5.347396523100973048e-02
2.210977170948311976e-01,-5.342461687824952288e-02
2.204908444240776255e-01,-5.337507532888458028e-02
2.198842389462893065e-01,-5.332534099246987597e-02
2.192779038243101997e-01,-5.327541427888351361e-02
2.186718422265535033e-01,-5.322529559832349377e-02
2.180660573269080915e-01,-5.317498536130466774e-02
2.174605523046440336e-01,-5.312448397865545541e-02
2.168553303443195301e-01,-5.307379186151492401e-02
2.162503946356863771e-01,-5.302290942132958235e-02
2.156457483735970959e-01,-5.297183706985030688e-02
2.150413947579105922e-01,-5.292057521912928858e-02
2.144373369933973705e-01,-5.286912428151699372e-02
2.138335782896477744e-01,-5.281748466965913158e-02
2.132301218609772842e-01,-5.276565679649358048e-02
2.126269709263313712e-01,-5.271364107524741105e-02
2.120241287091946814e-01,-5.266143791943390939e-02
2.114215984374948343e-01,-5.260904774284947544e-02
2.108193833435093312e-01,-5.255647095957084042e-02
2.102174866637726569e-01,-5.250370798395192357e-02
2.096159116389824106e-01,-5.245075923062100104e-02
2.090146615139046593e-01,-5.239762511447765975e-02
2.084137395372820112e-01,-5.234430605069000791e-02
2.078131489617385530e-01,-5.229080245469168442e-02
2.072128930436881455e-01,-5.223711474217894446e-02
2.066129750432391110e-01,-5.218324332910773133e-02
2.060133982241020012e-01,-5.212918863169097722e-02
2.054141658534962833e-01,-5.207495106639555699e-02
2.048152812020573588e-01,-5.202053104993954735e-02
2.042167475437419721e-01,-5.196592899928932641e-02
2.036185681557367566e-01,-5.191114533165669398e-02
2.030207463183639760e-01,-5.185618046449615853e-02
2.024232853149893208e-01,-5.180103481550207833e-02
2.018261884319292321e-01,-5.174570880260600386e-02
2.012294589583568660e-01,-5.169020284397352755e-02
2.006331001862105001e-01,-5.163451735800188291e-02
2.000371154100999138e-01,-5.157865276331704413e-02
1.994415079272153501e-01,-5.152260947877088798e-02
1.988462810372332579e-01,-5.146638792343863344e-02
1.982514380422248645e-01,-5.140998851661588570e-02
1.976569822465640280e-01,-5.135341167781616589e-02
1.970629169568341998e-01,-5.129665782676789965e-02
1.964692454817371925e-01,-5.123972738341198846e-02
1.958759711320008368e-01,-5.118262076789903414e-02
1.952830972202873605e-01,-5.112533840058650081e-02
1.946906270611012402e-01,-5.106788070203632096e-02
1.940985639706971633e-01,-5.101024809301190482e-02
1.935069112669897673e-01,-5.095244099447578112e-02
1.929156722694613246e-01,-5.089445982758677989e-02
1.923248502990699826e-01,-5.083630501369740956e-02
1.917344486781602797e-01,-5.077797697435133817e-02
1.911444707303704971e-01,-5.071947613128064553e-02
1.905549197805416484e-01,-5.066080290640320033e-02
1.899657991546288838e-01,-5.060195772182028706e-02
1.893771121796073154e-01,-5.054294099981367777e-02
1.887888621833853919e-01,-5.048375316284330755e-02
1.882010524947117236e-01,-5.042439463354454060e-02
1.876136864430860141e-01,-5.036486583472576939e-02
1.870267673586684942e-01,-5.030516718936563908e-02
1.864402985721909378e-01,-5.024529912061066750e-02
1.858542834148655676e-01,-5.018526205177264998e-02
1.852687252182970146e-01,-5.012505640632609893e-02
1.846836273143913076e-01,-5.006468260790570418e-02
1.840989930352671944e-01,-5.000414108030386273e-02
1.835148257131681837e-01,-4.994343224746817383e-02
1.829311286803716741e-01,-4.988255653349884383e-02
1.823479052691013569e-01,-4.982151436264626448e-02
1.817651588114378713e-01,-4.976030615930843171e-02
1.811828926392318184e-01,-4.969893234802866960e-02
1.806011100840136940e-01,-4.963739335349286186e-02
1.800198144769070696e-01,-4.957568960052724516e-02
1.794390091485400796e-01,-4.951382151409575161e-02
1.788586974289579634e-01,-4.945178951929759398e-02
1.782788826475356636e-01,-4.938959404136495507e-02
1.776995681328902565e-01,-4.932723550566033011e-02
1.771207572127939667e-01,-4.926471433767420222e-02
1.765424532140875413e-01,-4.920203096302266932e-02
1.759646594625925153e-01,-4.913918580744486286e-02
1.753873792830258627e-01,-4.907617929680061636e-02
1.748106159989133990e-01,-4.901301185706808533e-02
1.742343729325029067e-01,-4.894968391434127014e-02
1.736586534046790642e-01,-4.888619589482756655e-02
1.730834607348776255e-01,-4.882254822484560081e-02
1.725087982409994336e-01,-4.875874133082253037e-02
1.719346692393260712e-01,-4.869477563929180269e-02
1.713610770444333464e-01,-4.863065157689082374e-02
1.707880249691082208e-01,-4.856636957035852242e-02
1.702155163242631553e-01,-4.850193004653297058e-02
1.696435544188517053e-01,-4.843733343234897515e-02
1.690721425597848382e-01,-4.837258015483583695e-02
1.685012840518472499e-01,-4.830767064111490816e-02
1.679309821976120998e-01,-4.824260531839726779e-02
1.673612402973602420e-01,-4.817738461398130001e-02
1.667920616489942387e-01,-4.811200895525045290e-02
1.662234495479573693e-01,-4.804647876967087228e-02
1.656554072871498917e-01,-4.798079448478904246e-02
1.650879381568470250e-01,-4.791495652822942708e-02
1.645210454446168757e-01,-4.784896532769225552e-02
1.639547324352376156e-01,-4.778282131095105273e-02
1.633890024106170735e-01,-4.771652490585044648e-02
1.628238586497092188e-01,-4.765007654030369716e-02
1.622593044284361685e-01,-4.758347664229069240e-02
1.616953430196033936e-01,-4.751672563985523401e-02
1.611319776928221981e-01,-4.744982396110299094e-02
1.605692117144277564e-01,-4.738277203419918177e-02
1.600070483473990945e-01,-4.731557028736627785e-02
1.594454908512789038e-01,-4.724821914888154006e-02
1.588845424820953256e-01,-4.718071904707494407e-02
1.583242064922808501e-01,-4.711307041032680026e-02
1.577644861305943502e-01,-4.704527366706547781e-02
1.572053846420417289e-01,-4.697732924576510788e-02
1.566469052677978147e-01,-4.690923757494337709e-02
1.560890512451274803e-01,-4.684099908315906419e-02
1.555318258073086768e-01,-4.677261419901007633e-02
1.549752321835534963e-01,-4.670408335113079845e-02
1.544192735989323439e-01,-4.663540696819020587e-02
1.538639532742946681e-01,-4.656658547888931771e-02
1.533092744261942697e-01,-4.649761931195907361e-02
1.527552402668118647e-01,-4.642850889615797449e-02
1.522018540038788947e-01,-4.635925466027004255e-02
1.516491188406012269e-01,-4.628985703310217747e-02
1.510970379755842974e-01,-4.622031644348231771e-02
1.505456146027571163e-01,-4.615063332025697018e-02
1.499948519112974943e-01,-4.608080809228887187e-02
1.494447530855574080e-01,-4.601084118845501225e-02
1.488953213049886426e-01,-4.594073303764417693e-02
1.483465597440679629e-01,-4.587048406875474799e-02
1.477984715722243103e-01,-4.580009471069242805e-02
1.472510599537646681e-01,-4.572956539236822104e-02
1.467043280478011191e-01,-4.565889654269578851e-02
1.461582790081774885e-01,-4.558808859058955526e-02
1.456129159833980946e-01,-4.551714196496241260e-02
1.450682421165535030e-01,-4.544605709472325505e-02
1.445242605452503881e-01,-4.537483440877508600e-02
1.439809744015396187e-01,-4.530347433601251972e-02
1.434383868118438154e-01,-4.523197730531963723e-02
1.428965008968872963e-01,-4.516034374556777281e-02
1.423553197716261320e-01,-4.508857408561325886e-02
1.418148465451768425e-01,-4.501666875429520542e-02
1.412750843207460638e-01,-4.494462818043330754e-02
1.407360361955622141e-01,-4.487245279282546517e-02
1.401977052608056329e-01,-4.480014302024579176e-02
1.396600946015386646e-01,-4.472769929144216478e-02
1.391232072966392952e-01,-4.465512203513421347e-02
1.385870464187303197e-01,-4.458241168001083471e-02
1.380516150341131731e-01,-4.450956865472821544e-02
1.375169162026992631e-01,-4.443659338790736935e-02
1.369829529779432176e-01,-4.436348630813213845e-02
1.364497284067762162e-01,-4.429024784394684083e-02
1.359172455295393489e-01,-4.421687842385409878e-02
1.353855073799161979e-01,-4.414337847631258360e-02
1.348545169848687497e-01,-4.406974842973467726e-02
1.343242773645706989e-01,-4.399598871248452947e-02
1.337947915323424719e-01,-4.392209975287554580e-02
1.332660624945867234e-01,-4.384808197916830602e-02
1.327380932507239708e-01,-4.377393581956836449e-02
1.322108867931277298e-01,-4.369966170222391866e-02
1.316844461070612871e-01,-4.362526005522365108e-02
1.311587741706143895e-01,-4.355073130659444652e-02
1.306338739546404060e-01,-4.347607588429933806e-02
1.301097484226924617e-01,-4.340129421623496742e-02
1.295864005309628753e-01,-4.332638673022968373e-02
1.290638332282194600e-01,-4.325135385404108718e-02
1.285420494557460436e-01,-4.317619601535390567e-02
1.280210521472785190e-01,-4.310091364177771889e-02
1.275008442289467803e-01,-4.302550716084484889e-02
1.269814286192117447e-01,-4.294997700000779961e-02
1.264628082288077326e-01,-4.287432358663748749e-02
1.259449859606804334e-01,-4.279854734802067406e-02
1.254279647099293127e-01,-4.272264871135784264e-02
1.249117473637472026e-01,-4.264662810376088076e-02
1.243963368013627502e-01,-4.257048595225103316e-02
1.238817358939818952e-01,-4.249422268375648015e-02
1.233679475047295138e-01,-4.241783872511017267e-02
1.228549744885926026e-01,-4.234133450304757018e-02
1.223428196923631028e-01,-4.226471044420445494e-02
1.218314859545801682e-01,-4.218796697511459359e-02
1.213209761054755836e-01,-4.211110452220756528e-02
1.208112929669161867e-01,-4.203412351180657591e-02
1.203024393523492164e-01,-4.195702437012600872e-02
1.197944180667469827e-01,-4.187980752326941891e-02
1.192872319065516606e-01,-4.180247339722713978e-02
1.187808836596210005e-01,-4.172502241787395816e-02
1.182753761051753283e-01,-4.164745501096721314e-02
1.177707120137419378e-01,-4.156977160214403444e-02
1.172668941471036869e-01,-4.149197261691955213e-02
1.167639252582448744e-01,-4.141405848068428763e-02
1.162618080912996565e-01,-4.133602961870218306e-02
1.157605453814992136e-01,-4.125788645610811017e-02
1.152601398551210132e-01,-4.117962941790573317e-02
1.147605942294365328e-01,-4.110125892896532990e-02
1.142619112126603831e-01,-4.102277541402118977e-02
1.137640935039011536e-01,-4.094417929766977493e-02
1.132671437931095093e-01,-4.086547100436711821e-02
1.127710647610300210e-01,-4.078665095842686633e-02
1.122758590791506778e-01,-4.070771958401760843e-02
1.117815294096547035e-01,-4.062867730516094011e-02
1.112880784053718736e-01,-4.054952454572905568e-02
1.107955087097299840e-01,-4.047026172944251377e-02
1.103038229567079864e-01,-4.039088927986780181e-02
1.098130237707881235e-01,-4.031140762041537928e-02
1.093231137669089248e-01,-4.023181717433701315e-02
1.088340955504187163e-01,-4.015211836472371704e-02
1.083459717170307951e-01,-4.007231161450354462e-02
1.078587448527754122e-01,-3.999239734643902922e-02
1.073724175339560577e-01,-3.991237598312499107e-02
1.068869923271049405e-01,-3.983224794698651122e-02
1.064024717889369698e-01,-3.975201366027619060e-02
1.059188584663072336e-01,-3.967167354507221411e-02
1.054361548961661593e-01,-3.959122802327577628e-02
1.049543636055172702e-01,-3.951067751660906208e-02
1.044734871113733310e-01,-3.943002244661265171e-02
1.039935279207151314e-01,-3.934926323464345982e-02
1.035144885304482981e-01,-3.926840030187226521e-02
1.030363714273621750e-01,-3.918743406928141410e-02
1.025591790880887172e-01,-3.910636495766258575e-02
1.020829139790618706e-01,-3.902519338761443329e-02
1.016075785564768685e-01,-3.894391977954025919e-02
1.011331752662498473e-01,-3.886254455364570454e-02
1.006597065439793076e-01,-3.878106812993632746e-02
1.001871748149065211e-01,-3.869949092821554221e-02
9.971558249387635353e-02,-3.861781336808191994e-02
9.924493198529975302e-02,-3.853603586892719729e-02
9.877522568311515594e-02,-3.845415884993371586e-02
9.830646597075165527e-02,-3.837218273007229896e-02
9.783865522109148893e-02,-3.829010792809956626e-02
9.737179579643294447e-02,-3.820793486255596311e-02
9.690589004845566456e-02,-3.812566395176324868e-02
9.644094031818356560e-02,-3.804329561382221309e-02
9.597694893594914400e-02,-3.796083026661014465e-02
9.551391822135955889e-02,-3.787826832777871355e-02
9.505185048326167396e-02,-3.779561021475150856e-02
9.459074801970769608e-02,-3.771285634472173326e-02
9.413061311792125796e-02,-3.763000713464973584e-02
9.367144805426499965e-02,-3.754706300126077478e-02
9.321325509420665123e-02,-3.746402436104259714e-02
9.275603649228721104e-02,-3.738089163024317652e-02
9.229979449208867981e-02,-3.729766522486803459e-02
9.184453132620211402e-02,-3.721434556067830524e-02
9.139024921619710862e-02,-3.713093305318804910e-02
9.093695037259023894e-02,-3.704742811766199156e-02
9.048463699481514022e-02,-3.696383116911313577e-02
9.003331127119261479e-02,-3.688014262230039642e-02
8.958297537890048956e-02,-3.679636289172615038e-02
8.913363148394518043e-02,-3.671249239163394684e-02
8.868528174113275708e-02,-3.662853153600607869e-02
8.823792829404000782e-02,-3.654448073856112617e-02
8.779157327498815500e-02,-3.646034041275183352e-02
8.734621880501318436e-02,-3.637611097176216696e-02
8.690186699384079561e-02,-3.629179282850553134e-02
8.645851993985895212e-02,-3.620738639562209871e-02
8.601617973009142992e-02,-3.612289208547620617e-02
8.557484844017246295e-02,-3.603831031015438530e-02
8.513452813432140220e-02,-3.595364148146267674e-02
8.469522086531741656e-02,-3.586888601092411144e-02
8.425692867447549805e-02,-3.578404430977671219e-02
8.381965359162157903e-02,-3.569911678897063484e-02
8.338339763506961988e-02,-3.561410385916598947e-02
8.294816281159812787e-02,-3.552900593073053670e-02
8.251395111642732816e-02,-3.544382341373690515e-02
8.208076453319622379e-02,-3.535855671796056532e-02
8.164860503394111291e-02,-3.527320625287699157e-02
8.121747457907406431e-02,-3.518777242765967761e-02
8.078737511736143462e-02,-3.510225565117744417e-02
8.035830858590321812e-02,-3.501665633199197575e-02
7.993027691011302116e-02,-3.493097487835564174e-02
7.950328200369703724e-02,-3.484521169820867237e-02
7.907732576863615859e-02,-3.475936719917707696e-02
7.865241009516596438e-02,-3.467344178857005577e-02
7.822853686175747223e-02,-3.458743587337752279e-02
7.780570793510027672e-02,-3.450134986026782286e-02
7.738392517008378657e-02,-3.441518415558501853e-02
7.696319040977961379e-02,-3.432893916534674600e-02
7.654350548542555865e-02,-3.424261529524153663e-02
7.612487221640781843e-02,-3.415621295062645085e-02
7.570729241024577727e-02,-3.406973253652464950e-02
7.529076786257549170e-02,-3.398317445762284034e-02
7.487530035713461929e-02,-3.389653911826900901e-02
7.446089166574795803e-02,-3.380982692246976840e-02
7.404754354831247221e-02,-3.372303827388801328e-02
7.363525775278249863e-02,-3.363617357584035295e-02
7.322403601515733995e-02,-3.354923323129477275e-02
7.281388005946691500e-02,-3.346221764286806677e-02
7.240479159776012918e-02,-3.337512721282345773e-02
7.199677233009027510e-02,-3.328796234306798801e-02
7.158982394450541520e-02,-3.320072343515025060e-02
7.118394811703486480e-02,-3.311341089025775231e-02
7.077914651167913074e-02,-3.302602510921446438e-02
7.037542078039814297e-02,-3.293856649247847018e-02
6.997277256310159566e-02,-3.285103544013925209e-02
6.957120348763864981e-02,-3.276343235191547798e-02
6.917071516978770540e-02,-3.267575762715234367e-02
6.877130921324846324e-02,-3.258801166481910261e-02
6.837298720963215504e-02,-3.250019486350671366e-02
6.797575073845323057e-02,-3.241230762142525285e-02
6.757960136712173882e-02,-3.232435033640133210e-02
6.718454065093555638e-02,-3.223632340587584411e-02
6.679057013307251878e-02,-3.214822722690124923e-02
6.639769134458529953e-02,-3.206006219613933422e-02
6.600590580439334720e-02,-3.197182870985834646e-02
6.561521501927790323e-02,-3.188352716393096781e-02
6.522562048387575695e-02,-3.179515795383149046e-02
6.483712368067456877e-02,-3.170672147463326346e-02
6.444972608000790193e-02,-3.161821812100665263e-02
6.406342914005092037e-02,-3.152964828721598056e-02
6.367823430681585073e-02,-3.144101236711736858e-02
6.329414301414959532e-02,-3.135231075415627344e-02
6.291115668372937453e-02,-3.126354384136465631e-02
6.252927672506040924e-02,-3.117471202135896000e-02
6.214850453547314524e-02,-3.108581568633709755e-02
6.176884150012232344e-02,-3.099685522807635318e-02
6.139028899198391981e-02,-3.090783103793075595e-02
6.101284837185477067e-02,-3.081874350682843600e-02
6.063652098835183718e-02,-3.072959302526931738e-02
6.026130817791111594e-02,-3.064037998332251600e-02
5.988721126478813161e-02,-3.055110477062388322e-02
5.951423156105816598e-02,-3.046176777637339336e-02
5.914237036661664643e-02,-3.037236938933280880e-02
5.877162896918102647e-02,-3.028290999782307785e-02
5.840200864429118816e-02,-3.019338998972173269e-02
5.803351065531227315e-02,-3.010380975246063073e-02
5.766613625343661176e-02,-3.001416967302317565e-02
5.729988667768613764e-02,-2.992447013794203789e-02
5.693476315491588502e-02,-2.983471153329654915e-02
5.657076689981679896e-02,-2.974489424471004478e-02
5.620789911492034274e-02,-2.965501865734776130e-02
5.584616099060191186e-02,-2.956508515591388733e-02
5.548555370508576057e-02,-2.947509412464929812e-02
5.512607842444976203e-02,-2.938504594732905401e-02
5.476773630263100795e-02,-2.929494100725976366e-02
5.441052848143126952e-02,-2.920477968727720405e-02
5.405445609052280526e-02,-2.911456236974372530e-02
5.369952024745554969e-02,-2.902428943654594695e-02
5.334572205766310860e-02,-2.893396126909184018e-02
5.299306261447025296e-02,-2.884357824830866349e-02
5.264154299910066281e-02,-2.875314075464020444e-02
5.229116428068461553e-02,-2.866264916804444826e-02
5.194192751626715288e-02,-2.857210386799077795e-02
5.159383375081720569e-02,-2.848150523345787874e-02
5.124688401723603848e-02,-2.839085364293091746e-02
5.090107933636693616e-02,-2.830014947439915551e-02
5.055642071700508500e-02,-2.820939310535346828e-02
5.021290915590725240e-02,-2.811858491278385053e-02
4.987054563780290301e-02,-2.802772527317689069e-02
4.952933113540435028e-02,-2.793681456251330061e-02
4.918926660941816409e-02,-2.784585315626528224e-02
4.885035300855698759e-02,-2.775484142939431756e-02
4.851259126955137502e-02,-2.766377975634837574e-02
4.817598231716162943e-02,-2.757266851105968919e-02
4.784052706419102130e-02,-2.748150806694203696e-02
4.750622641149820913e-02,-2.739029879688837515e-02
4.717308124801100622e-02,-2.729904107326835624e-02
4.684109245073997396e-02,-2.720773526792581026e-02
4.651026088479227882e-02,-2.711638175217632313e-02
4.618058740338558399e-02,-2.702498089680448884e-02
4.585207284786429333e-02,-2.693353307206189720e-02
4.552471804771290875e-02,-2.684203864766425418e-02
4.519852382057229501e-02,-2.675049799278909554e-02
4.487349097225585420e-02,-2.665891147607325415e-02
4.454962029676424323e-02,-2.656727946561041401e-02
4.422691257630331774e-02,-2.647560232894862614e-02
4.390536858129995279e-02,-2.638388043308783140e-02
4.358498907041954973e-02,-2.629211414447742493e-02
4.326577479058311970e-02,-2.620030382901368526e-02
4.294772647698603951e-02,-2.610844985203760599e-02
4.263084485311455230e-02,-2.601655257833202645e-02
4.231513063076580705e-02,-2.592461237211938357e-02
4.200058451006563609e-02,-2.583262959705940817e-02
4.168720717948832394e-02,-2.574060461624640833e-02
4.137499931587572399e-02,-2.564853779220702124e-02
4.106396158445643069e-02,-2.555642948689749658e-02
4.075409463886749822e-02,-2.546428006170167041e-02
4.044539912117323111e-02,-2.537208987742807856e-02
4.013787566188669470e-02,-2.527985929430796863e-02
3.983152487999063601e-02,-2.518758867199234058e-02
3.952634738295920935e-02,-2.509527836955006627e-02
3.922234376677887630e-02,-2.500292874546502370e-02
3.891951461597130402e-02,-2.491054015763399451e-02
3.861786050361524364e-02,-2.481811296336389194e-02
3.831738199136924816e-02,-2.472564751936982483e-02
3.801807962949471653e-02,-2.463314418177217635e-02
3.771995395687891689e-02,-2.454060330609447380e-02
3.742300550105912005e-02,-2.444802524726103279e-02
3.712723477824610152e-02,-2.435541035959429626e-02
3.683264229334819173e-02,-2.426275899681277354e-02
3.653922853999624909e-02,-2.417007151202833423e-02
3.624699400056815429e-02,-2.407734825774389756e-02
3.595593914621407483e-02,-2.398458958585127088e-02
3.566606443688184747e-02,-2.389179584762842271e-02
3.537737032134258275e-02,-2.379896739373734554e-02
3.508985723721672750e-02,-2.370610457422160297e-02
3.480352561100079345e-02,-2.361320773850388716e-02
3.451837585809315601e-02,-2.352027723538379494e-02
3.423440838282165027e-02,-2.342731341303531598e-02
3.395162357847041762e-02,-2.333431661900458795e-02
3.367002182730818166e-02,-2.324128720020763803e-02
3.338960350061404014e-02,-2.314822550292763848e-02
3.311036895870800301e-02,-2.305513187281301585e-02
3.283231855097749202e-02,-2.296200665487484541e-02
3.255545261590692130e-02,-2.286885019348459600e-02
3.227977148110657002e-02,-2.277566283237189571e-02
3.200527546334094864e-02,-2.268244491462192286e-02
3.173196486855924675e-02,-2.258919678267343190e-02
3.145983999192496217e-02,-2.249591877831619985e-02
3.118890111784497834e-02,-2.240261124268882326e-02
3.091914852000110514e-02,-2.230927451627634506e-02
3.065058246138019707e-02,-2.221590893890814863e-02
3.038320319430422300e-02,-2.212251484975526900e-02
3.011701096046273674e-02,-2.202909258732856437e-02
2.985200599094351218e-02,-2.193564248947616965e-02
2.958818850626382044e-02,-2.184216489338126899e-02
2.932555871640323691e-02,-2.174866013555972963e-02
2.906411682083493223e-02,-2.165512855185805843e-02
2.880386300855897891e-02,-2.156157047745103222e-02
2.854479745813455482e-02,-2.146798624683943224e-02
2.828692033771246228e-02,-2.137437619384778553e-02
2.803023180506923617e-02,-2.128074065162202308e-02
2.777473200764030148e-02,-2.118707995262764446e-02
2.752042108255310995e-02,-2.109339442864695269e-02
2.726729915666183113e-02,-2.099968441077730910e-02
2.701536634658141534e-02,-2.090595022942853126e-02
2.676462275872155960e-02,-2.081219221432095701e-02
2.651506848932209601e-02,-2.071841069448313380e-02
2.626670362448763063e-02,-2.062460599824967114e-02
2.601952824022243232e-02,-2.053077845325896114e-02
2.577354240246654618e-02,-2.043692838645112461e-02
2.552874616713095290e-02,-2.034305612406574551e-02
2.528513958013337698e-02,-2.024916199163978928e-02
2.504272267743495525e-02,-2.015524631400517769e-02
2.480149548507608326e-02,-2.006130941528720679e-02
2.456145801921342034e-02,-1.996735161890170890e-02
2.432261028615660334e-02,-1.987337324755350867e-02
2.408495228240495334e-02,-1.977937462323382800e-02
2.384848399468532040e-02,-1.968535606721853737e-02
2.361320539998946338e-02,-1.959131790006583135e-02
2.337911646561121465e-02,-1.949726044161413305e-02
2.314621714918536563e-02,-1.940318401098008530e-02
2.291450739872525830e-02,-1.930908892655640655e-02
2.268398715266098722e-02,-1.921497550600973284e-02
2.245465633987860782e-02,-1.912084406627874433e-02
2.222651487975874779e-02,-1.902669492357195874e-02
2.199956268221515271e-02,-1.893252839336558024e-02
2.177379964773478241e-02,-1.883834479040173010e-02
2.154922566741636347e-02,-1.874414442868612904e-02
2.132584062301076666e-02,-1.864992762148614050e-02
2.110364438696072167e-02,-1.855569468132892141e-02
2.088263682244020925e-02,-1.846144591999913237e-02
2.066281778339582390e-02,-1.836718164853720636e-02
2.044418711458650950e-02,-1.827290217723705548e-02
2.022674465162414142e-02,-1.817860781564434661e-02
2.001049022101480251e-02,-1.808429887255436422e-02
1.979542364019999667e-02,-1.798997565601019241e-02
1.958154471759677301e-02,-1.789563847330046670e-02
1.936885325264054228e-02,-1.780128763095776417e-02
1.915734903582599208e-02,-1.770692343475637962e-02
1.894703184874868898e-02,-1.761254618971069830e-02
1.873790146414760355e-02,-1.751815620007289576e-02
1.852995764594699349e-02,-1.742375376933126552e-02
1.832320014929854704e-02,-1.732933920020833171e-02
1.811762872062460533e-02,-1.723491279465891660e-02
1.791324309765980616e-02,-1.714047485386806929e-02
1.771004300949500718e-02,-1.704602567824949066e-02
1.750802817661986990e-02,-1.695156556744349327e-02
1.730719831096563105e-02,-1.685709482031504808e-02
1.710755311594951839e-02,-1.676261373495235157e-02
1.690909228651749779e-02,-1.666812260866439716e-02
1.671181550918812708e-02,-1.657362173797971919e-02
1.651572246209673939e-02,-1.647911141864417603e-02
1.632081281503926229e-02,-1.638459194561931245e-02
1.612708622951624163e-02,-1.629006361308055553e-02
1.593454235877764247e-02,-1.619552671441548686e-02
1.574318084786729272e-02,-1.610098154222191005e-02
1.555300133366693642e-02,-1.600642838830628606e-02
1.536400344494196803e-02,-1.591186754368179718e-02
1.517618680238565915e-02,-1.581729929856680317e-02
1.498955101866469158e-02,-1.572272394238282203e-02
1.480409569846448219e-02,-1.562814176375323938e-02
1.461982043853396820e-02,-1.553355305050114175e-02
1.443672482773202329e-02,-1.543895808964796529e-02
1.425480844707278233e-02,-1.534435716741170026e-02
1.407407086977102532e-02,-1.524975056920519455e-02
1.389451166128876855e-02,-1.515513857963436163e-02
1.371613037938133883e-02,-1.506052148249691948e-02
1.353892657414294820e-02,-1.496589956078035744e-02
1.336289978805391132e-02,-1.487127309666051722e-02
1.318804955602665557e-02,-1.477664237149990505e-02
1.301437540545224980e-02,-1.468200766584613903e-02
1.284187685624755236e-02,-1.458736925943038103e-02
1.267055342090182314e-02,-1.449272743116558453e-02
1.250040460452341191e-02,-1.439808245914516935e-02
1.233142990488782925e-02,-1.430343462064138753e-02
1.216362881248356752e-02,-1.420878419210363716e-02
1.199700081056071996e-02,-1.411413144915711626e-02
1.183154537517791365e-02,-1.401947666660132222e-02
1.166726197524955294e-02,-1.392482011840834658e-02
1.150415007259410725e-02,-1.383016207772159306e-02
1.134220912198148634e-02,-1.373550281685417991e-02
1.118143857118083194e-02,-1.364084260728751219e-02
1.102183786100906573e-02,-1.354618171966990789e-02
1.086340642537847283e-02,-1.345152042381496382e-02
1.070614369134476225e-02,-1.335685898870034999e-02
1.055004907915602780e-02,-1.326219768246620322e-02
1.039512200230063854e-02,-1.316753677241399439e-02
1.024136186755546241e-02,-1.307287652500476946e-02
1.008876807503513579e-02,-1.297821720585806519e-02
9.937340018240283651e-03,-1.288355907975047288e-02
9.787077084106199365e-03,-1.278890241061433897e-02
9.637978653051946024e-03,-1.269424746153623683e-02
9.490044099028985963e-03,-1.259959449475590507e-02
9.343272789570448641e-03,-1.250494377166479730e-02
9.197664085840193821e-03,-1.241029555280482102e-02
9.053217342681498317e-03,-1.231565009786706605e-02
8.909931908666898076e-03,-1.222100766569042367e-02
8.767807126147320745e-03,-1.212636851426067593e-02
8.626842331301089878e-03,-1.203173290070892916e-02
8.487036854183864151e-03,-1.193710108131042745e-02
8.348390018778057906e-03,-1.184247331148350832e-02
8.210901143041900857e-03,-1.174784984578831730e-02
8.074569538959974063e-03,-1.165323093792559883e-02
7.939394512592231473e-03,-1.155861684073558604e-02
7.805375364123840268e-03,-1.146400780619686276e-02
7.672511387915522535e-03,-1.136940408542518738e-02
7.540801872552648812e-03,-1.127480592867240519e-02
7.410246100895859916e-03,-1.118021358532530173e-02
7.280843350130944587e-03,-1.108562730390456885e-02
7.152592891818340681e-03,-1.099104733206366508e-02
7.025493991943848951e-03,-1.089647391658785623e-02
6.899545910968836807e-03,-1.080190730339312434e-02
6.774747903879546097e-03,-1.070734773752502443e-02
6.651099220238348986e-03,-1.061279546315782758e-02
6.528599104233686300e-03,-1.051825072359351479e-02
6.407246794729754349e-03,-1.042371376126066153e-02
6.287041525317864019e-03,-1.032918481771363285e-02
6.167982524366398198e-03,-1.023466413363148877e-02
6.050069015070639114e-03,-1.014015194881712212e-02
5.933300215504264466e-03,-1.004564850219639462e-02
5.817675338669254549e-03,-9.951154031817092613e-03
5.703193592546083879e-03,-9.856668774848061435e-03
5.589854180145179159e-03,-9.762192967578553135e-03
5.477656299556437833e-03,-9.667726845417062495e-03
5.366599144000569824e-03,-9.573270642890650481e-03
5.256681901879554572e-03,-9.478824593644073412e-03
5.147903756826657448e-03,-9.384388930438976317e-03
5.040263887758073338e-03,-9.289963885153209450e-03
4.933761468922836374e-03,-9.195549688779806538e-03
4.828395669953423550e-03,-9.101146571426450491e-03
4.724165655917184070e-03,-9.006754762314715321e-03
4.621070587366384388e-03,-8.912374489779179704e-03
4.519109620388652229e-03,-8.818005981266769516e-03
4.418281906658601960e-03,-8.723649463336188847e-03
4.318586593487894372e-03,-8.629305161657168863e-03
4.220022823875738821e-03,-8.534973301009742691e-03
4.122589736560252315e-03,-8.440654105283664291e-03
4.026286466068557460e-03,-8.346347797477738847e-03
3.931112142767874407e-03,-8.252054599699300622e-03
3.837065892916121431e-03,-8.157774733163520794e-03
3.744146838712221481e-03,-8.063508418192902663e-03
3.652354098347455197e-03,-7.969255874216651936e-03
3.561686786055655134e-03,-7.875017319770220500e-03
3.472144012163626801e-03,-7.780792972494651565e-03
3.383724883142547653e-03,-7.686583049136326388e-03
3.296428501658001282e-03,-7.592387765546080441e-03
3.210253966620422745e-03,-7.498207336679037736e-03
3.125200373236234307e-03,-7.404041976594170210e-03
3.041266813058204465e-03,-7.309891898453637661e-03
2.958452374035485614e-03,-7.215757314522526673e-03
2.876756140564892469e-03,-7.121638436168409129e-03
2.796177193540891597e-03,-7.027535473860938887e-03
2.716714610405930076e-03,-6.933448637171614991e-03
2.638367465201440273e-03,-6.839378134773099922e-03
2.561134828617471580e-03,-6.745324174439328892e-03
2.485015768043609321e-03,-6.651286963044839365e-03
2.410009347619154231e-03,-6.557266706564670450e-03
2.336114628282996188e-03,-6.463263610074032432e-03
2.263330667824425563e-03,-6.369277877747987586e-03
2.191656520933067676e-03,-6.275309712861355631e-03
2.121091239248606465e-03,-6.181359317788267041e-03
2.051633871411618834e-03,-6.087426894002222894e-03
1.983283463113378123e-03,-5.993512642075688943e-03
1.916039057145156252e-03,-5.899616761680072201e-03
1.849899693449333880e-03,-5.805739451585440782e-03
1.784864409168463589e-03,-5.711880909660496143e-03
1.720932238695227750e-03,-5.618041332872429974e-03
1.658102213722592632e-03,-5.524220917286886898e-03
1.596373363292929266e-03,-5.430419858067736354e-03
1.535744713848269469e-03,-5.336638349477168010e-03
1.476215289279726381e-03,-5.242876584875552984e-03
1.417784110976515362e-03,-5.149134756721483741e-03
1.360450197876226282e-03,-5.055413056571845219e-03
1.304212566513838134e-03,-4.961711675081608396e-03
1.249070231070762262e-03,-4.868030802004044526e-03
1.195022203424671867e-03,-4.774370626190761573e-03
1.142067493198463488e-03,-4.680731335591763187e-03
1.090205107808976930e-03,-4.587113117255571006e-03
1.039434052516757974e-03,-4.493516157329280163e-03
9.897533304745113718e-04,-4.399940641058621739e-03
9.411619427760443361e-04,-4.306386752788303636e-03
8.936588885051464926e-04,-4.212854675962167568e-03
8.472431647846052514e-04,-4.119344593123189062e-03
8.019137668240280134e-04,-4.025856685913769759e-03
7.576696879693722115e-04,-3.932391135076126858e-03
7.145099197505405935e-04,-3.838948120452259291e-03
6.724334519303929066e-04,-3.745527820984565284e-03
6.314392725529026883e-04,-3.652130414715743477e-03
5.915263679908130479e-04,-3.558756078789335458e-03
5.526937229944415934e-04,-3.465404989450080516e-03
5.149403207394494036e-04,-3.372077322044145925e-03
4.782651428742443526e-04,-3.278773251019495572e-03
4.426671695686914946e-04,-3.185492949926354862e-03
4.081453795611229320e-04,-3.092236591417663917e-03
3.746987502059783630e-04,-2.999004347249188598e-03
3.423262575217094167e-04,-2.905796388280440772e-03
3.110268762379445073e-04,-2.812612884474778065e-03
2.807995798423706035e-04,-2.719454004899958532e-03
2.516433406287808404e-04,-2.626319917728798126e-03
2.235571297430681374e-04,-2.533210790239541488e-03
1.965399172311950730e-04,-2.440126788816423566e-03
1.705906720855898499e-04,-2.347068078950363939e-03
1.457083622913347986e-04,-2.254034825239393559e-03
1.218919548738030224e-04,-2.161027191389244557e-03
9.914041594449850574e-05,-2.068045340214243188e-03
7.745271074723902058e-05,-1.975089433637653748e-03
5.682780370515241441e-05,-1.882159632692368550e-03
3.726465846616372967e-05,-1.789256097521813244e-03
1.876223794893091518e-05,-1.696378987380534444e-03
1.319504389284579740e-06,-1.603528460634787590e-03
-1.506458061433814818e-05,-1.510704674763579730e-03
-3.039105605563640106e-05,-1.417907786359001070e-03
-4.466096147433310887e-05,-1.325137951127640292e-03
-5.787533691104763484e-05,-1.232395323890702514e-03
-7.003522286255283726e-05,-1.139680058585347631e-03
-8.114166023584150442e-05,-1.046992308265303753e-03
-9.119569030405574872e-05,-9.543322251018133929e-04
-1.001983546608346142e-04,-8.616999603843988019e-04
-1.081506951762794562e-04,-7.690956645220573028e-04
-1.150537539523171479e-04,-6.765194870438470849e-04
-1.209085732781163997e-04,-5.839715766000442643e-04
-1.257161955857611832e-04,-4.914520809631687560e-04
-1.294776634067753901e-04,-3.989611470286971912e-04
-1.321940193273847194e-04,-3.064989208164429439e-04
-1.338663059450684962e-04,-2.140655474712562000e-04
-1.344955658253845312e-04,-1.216611712643590716e-04
-1.340828414575142300e-04,-2.928593559416267479e-05
-1.326291752114663956e-04,6.306001701235312428e-05
-1.301356092952276071e-04,1.553765448988737819e-04
-1.266031857108350367e-04,2.476635072782060036e-04
-1.220329462125290378e-04,3.399207642314586728e-04
-1.164259322629729662e-04,4.321481767067245940e-04
-1.097831849915008800e-04,5.243456065178413303e-04
-1.021057451515766852e-04,6.165129163432063334e-04
-9.339465307809035287e-05,7.086499697246707863e-04
-8.365094864580635927e-05,8.007566310659496207e-04
-7.287567122731984301e-05,8.928327656317254241e-04
-6.106985965114811198e-05,9.848782395460162816e-04
-4.823455216017458354e-05,1.076892919791093634e-03
-3.437078637063827486e-05,1.168876674205962876e-03
-1.947959923037473307e-05,1.260829371485093975e-03
-3.562026977873977780e-06,1.352750881177004847e-03
1.338089489816443789e-05,1.444641073682844962e-03
3.134813170017141065e-05,1.536499820254949447e-03
5.033864956202673013e-05,1.628326992995449141e-03
7.035141548902123100e-05,1.720122464854722351e-03
9.138539739883163573e-05,1.811886109629994067e-03
1.134395641606115470e-04,1.903617801963643739e-03
1.365128856356658882e-04,1.995317417341959960e-03
1.606043327167024787e-04,2.086984832093199960e-03
1.857128773669673401e-04,2.178619923386468111e-03
2.118374926602545631e-04,2.270222569229630137e-03
2.389771528194750097e-04,2.361792648468156054e-03
2.671308332554811330e-04,2.453330040783097479e-03
2.962975106063030608e-04,2.544834626689649118e-03
3.264761627753635779e-04,2.636306287535474750e-03
3.576657689694588672e-04,2.727744905498779952e-03
3.898653097376301654e-04,2.819150363586897436e-03
4.230737670086947232e-04,2.910522545634267391e-03
4.572901241288213244e-04,3.001861336300856286e-03
4.925133658996512682e-04,3.093166621070238265e-03
5.287424786150409515e-04,3.184438286247975348e-03
5.659764500987293822e-04,3.275676218959522757e-03
6.042142697412974939e-04,3.366880307148551865e-03
6.434549285361802458e-04,3.458050439575056315e-03
6.836974191173705124e-04,3.549186505813437757e-03
7.249407357951194756e-04,3.640288396250623663e-03
7.671838745918950573e-04,3.731356002084066335e-03
8.104258332790303379e-04,3.822389215319824726e-03
8.546656114120596568e-04,3.913387928770597698e-03
8.999022103660896240e-04,4.004352036053709582e-03
9.461346333716457715e-04,4.095281431589146461e-03
9.933618855494522407e-04,4.186176010597308407e-03
1.041582973945265680e-03,4.277035669097361929e-03
1.090796907565047416e-03,4.367860303904648293e-03
1.141002697409120373e-03,4.458649812628994770e-03
1.192199356506269507e-03,4.549404093672313777e-03
1.244385899948494394e-03,4.640123046226663460e-03
1.297561344923982415e-03,4.730806570271976069e-03
1.351724710751591157e-03,4.821454566573786342e-03
1.406875018913920266e-03,4.912066936681258253e-03
1.463011293090133716e-03,5.002643582924709564e-03
1.520132559189722732e-03,5.093184408413562250e-03
1.578237845384858817e-03,5.183689317033908679e-03
1.637326182142652018e-03,5.274158213446298975e-03
1.697396602258142767e-03,5.364591003083492814e-03
1.758448140886162457e-03,5.454987592147994384e-03
1.820479835572683374e-03,5.545347887609695763e-03
1.883490726287340199e-03,5.635671797203739737e-03
1.947479855454465301e-03,5.725959229427808432e-03
2.012446267983996305e-03,5.816210093539858628e-03
2.078389011303127202e-03,5.906424299555797230e-03
2.145307135386298036e-03,5.996601758246736941e-03
2.213199692786532898e-03,6.086742381136787082e-03
2.282065738665205179e-03,6.176846080500440241e-03
2.351904330822034411e-03,6.266912769360047375e-03
2.422714529725327262e-03,6.356942361483251293e-03
2.494495398541481720e-03,6.446934771380603141e-03
2.567246003163875002e-03,6.536889914302720928e-03
2.640965412242668713e-03,6.626807706237824482e-03
2.715652697213541064e-03,6.716688063909181938e-03
2.791306932325782891e-03,6.806530904772328978e-03
2.867927194671580221e-03,6.896336147012481488e-03
2.945512564213804974e-03,6.986103709541777347e-03
3.024062123813619617e-03,7.075833511996782767e-03
3.103574959258906252e-03,7.165525474735445245e-03
3.184050159291349109e-03,7.255179518834667558e-03
3.265486815633485834e-03,7.344795566087283269e-03
3.347884023016297391e-03,7.434373538999473723e-03
3.431240879205143916e-03,7.523913360787806877e-03
3.515556485027079240e-03,7.613414955376518987e-03
3.600829944396814926e-03,7.702878247394623693e-03
3.687060364342378133e-03,7.792303162173048851e-03
3.774246855031477676e-03,7.881689625741743893e-03
3.862388529796922498e-03,7.971037564826881708e-03
3.951484505161327598e-03,8.060346906847683235e-03
4.041533900862996978e-03,8.149617579913713897e-03
4.132535839880328160e-03,8.238849512821883395e-03
4.224489448456043676e-03,8.328042635053262491e-03
4.317393856122127282e-03,8.417196876770376840e-03
4.411248195723631305e-03,8.506312168813968261e-03
4.506051603442060710e-03,8.595388442699993664e-03
4.601803218819641890e-03,8.684425630616563266e-03
4.698502184781950392e-03,8.773423665420949924e-03
4.796147647661509229e-03,8.862382480636352144e-03
4.894738757220457384e-03,8.951302010448870458e-03
4.994274666672532219e-03,9.040182189704190630e-03
5.094754532706314773e-03,9.129022953904775139e-03
5.196177515506657935e-03,9.217824239206296594e-03
5.298542778776218695e-03,9.306585982414584610e-03
5.401849489757812664e-03,9.395308120982527600e-03
5.506096819255229882e-03,9.483990593006726491e-03
5.611283941653833797e-03,9.572633337224080788e-03
5.717410034942145558e-03,9.661236293008823930e-03
5.824474280731914769e-03,9.749799400369067726e-03
5.932475864278138195e-03,9.838322599943357186e-03
6.041413974499531235e-03,9.926805832997554965e-03
6.151287803998185810e-03,1.001524904142144477e-02
6.262096549078529154e-03,1.010365216772522723e-02
6.373839409767280070e-03,1.019201515503621001e-02
6.486515589831550778e-03,1.028033794709542689e-02
6.600124296798558568e-03,1.036862048825424633e-02
6.714664741973374630e-03,1.045686272347069387e-02
6.830136140456900123e-03,1.054506459830636955e-02
6.946537711164564761e-03,1.063322605892251180e-02
7.063868676843387817e-03,1.072134705207685931e-02
7.182128264089309745e-03,1.080942752511997694e-02
7.301315703364761461e-03,1.089746742599173070e-02
7.421430229015328096e-03,1.098546670321769343e-02
7.542471079285932231e-03,1.107342530590562507e-02
7.664437496337971230e-03,1.116134318374189908e-02
7.787328726264764953e-03,1.124922028698772947e-02
7.911144019107370362e-03,1.133705656647573425e-02
8.035882628870718788e-03,1.142485197360623705e-02
8.161543813537980308e-03,1.151260646034344554e-02
8.288126835086503247e-03,1.160031997921203741e-02
8.415630959502101369e-03,1.168799248329320875e-02
8.544055456793098191e-03,1.177562392622098948e-02
8.673399601005608167e-03,1.186321426217877908e-02
8.803662670236604357e-03,1.195076344589508788e-02
8.934843946647733764e-03,1.203827143264033298e-02
9.066942716479177780e-03,1.212573817822252750e-02
9.199958270062483928e-03,1.221316363898387186e-02
9.333889901833113123e-03,1.230054777179662162e-02
9.468736910343800509e-03,1.238789053405950531e-02
9.604498598276481683e-03,1.247519188369367385e-02
9.741174272454022898e-03,1.256245177913888240e-02
9.878763243852823825e-03,1.264967017934962891e-02
1.001726482761391458e-02,1.273684704379119195e-02
1.015667834305386541e-02,1.282398233243576234e-02
1.029700311367673718e-02,1.291107600575840120e-02
1.043823846718373166e-02,1.299812802473317846e-02
1.058038373548454182e-02,1.308513835082905988e-02
1.072343825470723280e-02,1.317210694600608883e-02
1.086740136520790434e-02,1.325903377271129592e-02
1.101227241158074348e-02,1.334591879387457374e-02
1.115805074266737300e-02,1.343276197290473387e-02
1.130473571156556840e-02,1.351956327368548059e-02
1.145232667563863063e-02,1.360632266057121460e-02
1.160082299652383589e-02,1.369304009838295463e-02
1.175022404014031477e-02,1.377971555240437886e-02
1.190052917669777791e-02,1.386634898837753489e-02
1.205173778070395968e-02,1.395294037249870944e-02
1.220384923097188323e-02,1.403948967141444015e-02
1.235686291062756785e-02,1.412599685221704177e-02
1.251077820711659488e-02,1.421246188244074289e-02
1.266559451221111951e-02,1.429888473005714623e-02
1.282131122201629614e-02,1.438526536347139832e-02
1.297792773697581392e-02,1.447160375151759076e-02
1.313544346187872983e-02,1.455789986345464547e-02
1.329385780586464158e-02,1.464415366896220684e-02
1.345317018242867153e-02,1.473036513813608984e-02
1.361338000942713573e-02,1.481653424148408026e-02
1.377448670908227105e-02,1.490266094992179907e-02
1.393648970798630829e-02,1.498874523476806386e-02
1.409938843710622711e-02,1.507478706774076187e-02
1.426318233178779961e-02,1.516078642095248195e-02
1.442787083175866257e-02,1.524674326690602343e-02
1.459345338113269414e-02,1.533265757849020840e-02
1.475992942841268009e-02,1.541852932897524141e-02
1.492729842649308421e-02,1.550435849200844200e-02
1.509555983266329567e-02,1.559014504160982466e-02
1.526471310860941927e-02,1.567588895216761452e-02
1.543475772041678733e-02,1.576159019843375447e-02
1.560569313857177766e-02,1.584724875551950934e-02
1.577751883796313023e-02,1.593286459889095563e-02
1.595023429788354485e-02,1.601843770436445213e-02
1.612383900203092496e-02,1.610396804810214355e-02
1.629833243850834640e-02,1.618945560660753694e-02
1.647371409982555795e-02,1.627490035672074509e-02
1.664998348289878360e-02,1.636030227561405953e-02
1.682714008905042066e-02,1.644566134078754779e-02
1.700518342400937286e-02,1.653097753006410597e-02
1.718411299791028357e-02,1.661625082158520866e-02
1.736392832529210992e-02,1.670148119380608642e-02
1.754462892509825109e-02,1.678666862549128488e-02
1.772621432067427588e-02,1.687181309570983875e-02
1.790868403976633716e-02,1.695691458383077541e-02
1.809203761452007550e-02,1.704197306951841379e-02
1.827627458147736486e-02,1.712698853272769106e-02
1.846139448157503235e-02,1.721196095369950316e-02
1.864739686014154837e-02,1.729689031295597937e-02
1.883428126689398741e-02,1.738177659129582636e-02
1.902204725593542242e-02,1.746661976978955769e-02
1.921069438575100097e-02,1.755141982977475451e-02
1.940022221920428142e-02,1.763617675285140615e-02
1.959063032353353800e-02,1.772089052087717775e-02
1.978191827034743097e-02,1.780556111596239693e-02
1.997408563562007300e-02,1.789018852046569963e-02
2.016713199968688322e-02,1.797477271698879123e-02
2.036105694723949755e-02,1.805931368837198486e-02
2.055586006731987755e-02,1.814381141768927827e-02
2.075154095331570997e-02,1.822826588824350350e-02
2.094809920295374189e-02,1.831267708356153212e-02
2.114553441829431293e-02,1.839704498738944927e-02
2.134384620572489510e-02,1.848136958368760616e-02
2.154303417595330311e-02,1.856565085662595371e-02
2.174309794400119261e-02,1.864988879057889737e-02
2.194403712919703806e-02,1.873408337012069311e-02
2.214585135516812173e-02,1.881823458002036126e-02
2.234854024983384813e-02,1.890234240523688825e-02
2.255210344539747627e-02,1.898640683091423059e-02
2.275654057833768201e-02,1.907042784237645422e-02
2.296185128940091830e-02,1.915440542512284253e-02
2.316803522359235645e-02,1.923833956482274773e-02
2.337509203016703216e-02,1.932223024731090713e-02
2.358302136262091855e-02,1.940607745858237421e-02
2.379182287868148934e-02,1.948988118478741857e-02
2.400149624029791068e-02,1.957364141222677628e-02
2.421204111363167363e-02,1.965735812734647689e-02
2.442345716904585629e-02,1.974103131673293765e-02
2.463574408109526007e-02,1.982466096710799874e-02
2.484890152851578285e-02,1.990824706532375032e-02
2.506292919421288998e-02,1.999178959835765448e-02
2.527782676525139327e-02,2.007528855330737577e-02
2.549359393284392900e-02,2.015874391738602459e-02
2.571023039233859275e-02,2.024215567791674830e-02
2.592773584320809052e-02,2.032552382232792956e-02
2.614610998903727293e-02,2.040884833814796129e-02
2.636535253751015606e-02,2.049212921300027149e-02
2.658546320039873595e-02,2.057536643459826481e-02
2.680644169354904488e-02,2.065855999074015306e-02
2.702828773686823810e-02,2.074170986930391064e-02
2.725100105431188524e-02,2.082481605824215015e-02
2.747458137386959293e-02,2.090787854557705008e-02
2.769902842755203251e-02,2.099089731939519921e-02
2.792434195137666678e-02,2.107387236784247914e-02
2.815052168535283131e-02,2.115680367911900589e-02
2.837756737346827651e-02,2.123969124147383550e-02
2.860547876367393327e-02,2.132253504319997842e-02
2.883425560786871678e-02,2.140533507262923352e-02
2.906389766188475707e-02,2.148809131812696657e-02
2.929440468547182819e-02,2.157080376808686098e-02
2.952577644228146503e-02,2.165347241092610911e-02
2.975801269985136818e-02,2.173609723507973629e-02
2.999111322958932305e-02,2.181867822899589970e-02
3.022507780675607117e-02,2.190121538113033034e-02
3.045990621044986080e-02,2.198370867994142719e-02
3.069559822358892964e-02,2.206615811388484838e-02
3.093215363289431030e-02,2.214856367140845619e-02
3.116957222887322548e-02,2.223092534094702616e-02
3.140785380580071035e-02,2.231324311091711227e-02
3.164699816170266078e-02,2.239551696971171443e-02
3.188700509833765351e-02,2.247774690569528250e-02
3.212787442117817638e-02,2.255993290719815816e-02
3.236960593939314929e-02,2.264207496251171084e-02
3.261219946582883528e-02,2.272417305988284203e-02
3.285565481698957818e-02,2.280622718750878811e-02
3.309997181301957414e-02,2.288823733353210696e-02
3.334515027768326922e-02,2.297020348603514076e-02
3.359119003834511175e-02,2.305212563303486728e-02
3.383809092595101847e-02,2.313400376247772353e-02
3.408585277500800897e-02,2.321583786223437376e-02
3.433447542356297261e-02,2.329762792009420005e-02
3.458395871318444004e-02,2.337937392376041382e-02
3.483430248893974734e-02,2.346107586084448041e-02
3.508550659937584998e-02,2.354273371886102251e-02
3.533757089649764566e-02,2.362434748522253269e-02
3.559049523574652624e-02,2.370591714723403048e-02
3.584427947597934594e-02,2.378744269208779571e-02
3.609892347944723690e-02,2.386892410685834132e-02
3.635442711177210712e-02,2.395036137849668179e-02
3.661079024192641362e-02,2.403175449382540310e-02
3.686801274221008368e-02,2.411310343953331631e-02
3.712609448822774133e-02,2.419440820217013191e-02
3.738503535886649604e-02,2.427566876814108224e-02
3.764483523627343980e-02,2.435688512370194972e-02
3.790549400583120149e-02,2.443805725495336312e-02
3.816701155613622803e-02,2.451918514783583622e-02
3.842938777897435959e-02,2.460026878812432774e-02
3.869262256929734134e-02,2.468130816142298511e-02
3.895671582519907861e-02,2.476230325315984318e-02
3.922166744789150339e-02,2.484325404858163736e-02
3.948747734168006618e-02,2.492416053274828028e-02
3.975414541393999107e-02,2.500502269052789356e-02
4.002167157509049084e-02,2.508584050659114911e-02
4.029005573857104283e-02,2.516661396540635989e-02
4.055929782081563184e-02,2.524734305123384204e-02
4.082939774122771454e-02,2.532802774812096050e-02
4.110035542215464271e-02,2.540866803989645650e-02
4.137217078886284288e-02,2.548926391016557644e-02
4.164484376951064354e-02,2.556981534230444789e-02
4.191837429512355884e-02,2.565032231945496566e-02
4.219276229956761548e-02,2.573078482451946272e-02
4.246800771952270737e-02,2.581120284015548175e-02
4.274411049445671351e-02,2.589157634877034195e-02
4.302107056659806861e-02,2.597190533251608410e-02
4.329888788090974910e-02,2.605218977328401658e-02
4.357756238506144825e-02,2.613242965269939322e-02
4.385709402940244500e-02,2.621262495211647628e-02
4.413748276693461176e-02,2.629277565261276678e-02
4.441872855328460323e-02,2.637288173498418542e-02
4.470083134667562907e-02,2.645294317973951106e-02
4.498379110790030888e-02,2.653295996709529453e-02
4.526760780029218112e-02,2.661293207697047400e-02
4.555228138969706631e-02,2.669285948898125066e-02
4.583781184444531837e-02,2.677274218243563819e-02
4.612419913532282006e-02,2.685258013632843208e-02
4.641144323554192291e-02,2.693237332933581807e-02
4.669954412071312261e-02,2.701212173981009171e-02
4.698850176881576995e-02,2.709182534577465537e-02
4.727831616016828220e-02,2.717148412491852960e-02
4.756898727739941601e-02,2.725109805459118364e-02
4.786051510541810411e-02,2.733066711179740066e-02
4.815289963138432577e-02,2.741019127319196599e-02
4.844614084467844389e-02,2.748967051507442833e-02
4.874023873687166608e-02,2.756910481338404467e-02
4.903519330169585355e-02,2.764849414369435071e-02
4.933100453501298999e-02,2.772783848120811273e-02
4.962767243478429652e-02,2.780713780075209571e-02
4.992519700104045000e-02,2.788639207677182444e-02
5.022357823584969183e-02,2.796560128332639325e-02
5.052281614328783810e-02,2.804476539408343877e-02
5.082291072940641613e-02,2.812388438231371024e-02
5.112386200220227911e-02,2.820295822088615678e-02
5.142566997158470182e-02,2.828198688226250465e-02
5.172833464934567527e-02,2.836097033849230981e-02
5.203185604912649587e-02,2.843990856120773986e-02
5.233623418638764374e-02,2.851880152161844970e-02
5.264146907837531641e-02,2.859764919050632528e-02
5.294756074408987767e-02,2.867645153822049459e-02
5.325450920425403578e-02,2.875520853467220320e-02
5.356231448128002948e-02,2.883392014932950262e-02
5.387097659923695270e-02,2.891258635121246937e-02
5.418049558381862751e-02,2.899120710888780997e-02
5.449087146231062356e-02,2.906978239046389967e-02
5.480210426355697911e-02,2.914831216358572744e-02
5.511419401792780337e-02,2.922679639542968139e-02
5.542714075728576162e-02,2.930523505269858747e-02
5.574094451495312935e-02,2.938362810161676900e-02
5.605560532567745863e-02,2.946197550792463773e-02
5.637112322559957589e-02,2.954027723687399978e-02
5.668749825221849892e-02,2.961853325322285138e-02
5.700473044435876852e-02,2.969674352123045577e-02
5.732281984213576098e-02,2.977490800465216331e-02
5.764176648692222182e-02,2.985302666673459587e-02
5.796157042131408477e-02,2.993109947021044617e-02
5.828223168909567320e-02,3.000912637729367602e-02
5.860375033520652532e-02,3.008710734967449257e-02
5.892612640570622090e-02,3.016504234851433153e-02
5.924935994773905534e-02,3.024293133444085763e-02
5.957345100950128813e-02,3.032077426754314214e-02
5.989839964020501201e-02,3.039857110736668769e-02
6.022420589004306990e-02,3.047632181290839057e-02
6.055086981015542907e-02,3.055402634261179806e-02
6.087839145259311968e-02,3.063168465436211241e-02
6.120677087028273539e-02,3.070929670548122256e-02
6.153600811699239809e-02,3.078686245272299962e-02
6.186610324729533567e-02,3.086438185226831818e-02
6.219705631653485445e-02,3.094185485972015398e-02
6.252886738078890227e-02,3.101928143009886202e-02
6.286153649683412503e-02,3.109666151783721869e-02
6.319506372210997869e-02,3.117399507677567905e-02
6.352944911468400013e-02,3.125128206015755777e-02
6.386469273321421225e-02,3.132852242062418580e-02
6.420079463691454047e-02,3.140571611021013981e-02
6.453775488551830031e-02,3.148286308033856201e-02
6.487557353924132408e-02,3.155996328181617794e-02
6.521425065874721094e-02,3.163701666482887642e-02
6.555378630510946825e-02,3.171402317893658174e-02
6.589418053977599832e-02,3.179098277306893761e-02
6.623543342453240557e-02,3.186789539552024875e-02
6.657754502146562281e-02,3.194476099394508162e-02
6.692051539292674656e-02,3.202157951535335167e-02
6.726434460149485761e-02,3.209835090610568126e-02
6.760903270994018943e-02,3.217507511190900032e-02
6.795457978118704667e-02,3.225175207781166842e-02
6.830098587827722334e-02,3.232838174819879784e-02
6.864825106433244950e-02,3.240496406678788216e-02
6.899637540251815637e-02,3.248149897662407776e-02
6.934535895600600630e-02,3.255798642007556171e-02
6.969520178793610354e-02,3.263442633882902844e-02
7.004590396138114794e-02,3.271081867388528353e-02
7.039746553930784079e-02,3.278716336555443506e-02
7.074988658454021972e-02,3.286346035345157762e-02
7.110316715972207768e-02,3.293970957649221265e-02
7.145730732727982593e-02,3.301591097288777282e-02
7.181230714938434401e-02,3.309206448014124363e-02
7.216816668791410649e-02,3.316817003504250738e-02
7.252488600441729660e-02,3.324422757366415210e-02
7.288246516007394760e-02,3.332023703135685022e-02
7.324090421565891684e-02,3.339619834274507038e-02
7.360020323150312516e-02,3.347211144172262259e-02
7.396036226745689168e-02,3.354797626144836314e-02
7.432138138285149243e-02,3.362379273434177446e-02
7.468326063646106572e-02,3.369956079207865607e-02
7.504600008646541975e-02,3.377528036558682251e-02
7.540959979041202133e-02,3.385095138504182893e-02
7.577405980517694373e-02,3.392657377986257189e-02
7.613938018692842369e-02,3.400214747870712595e-02
7.650556099108780927e-02,3.407767240946850407e-02
7.687260227229175680e-02,3.415314849927040403e-02
7.724050408435428894e-02,3.422857567446294103e-02
7.760926648022876961e-02,3.430395386061863700e-02
7.797888951196906004e-02,3.437928298252795195e-02
7.834937323069246506e-02,3.445456296419546760e-02
7.872071768654051449e-02,3.452979372883548809e-02
7.909292292864121554e-02,3.460497519886802931e-02
7.946598900507159668e-02,3.468010729591482211e-02
7.983991596281767023e-02,3.475518994079507956e-02
8.021470384773750351e-02,3.483022305352136139e-02
8.059035270452347133e-02,3.490520655329594490e-02
8.096686257666198261e-02,3.498014035850630088e-02
8.134423350639709283e-02,3.505502438672148530e-02
8.172246553469175723e-02,3.512985855468797602e-02
8.210155870118820975e-02,3.520464277832563438e-02
8.248151304417174201e-02,3.527937697272408302e-02
8.286232860053123483e-02,3.535406105213848710e-02
8.324400540572045315e-02,3.542869492998579339e-02
8.362654349372067308e-02,3.550327851884084451e-02
8.400994289700182416e-02,3.557781173043250006e-02
8.439420364648429762e-02,3.565229447563986881e-02
8.477932577150054660e-02,3.572672666448838824e-02
8.516530929975744957e-02,3.580110820614622325e-02
8.555215425729664758e-02,3.587543900892027626e-02
8.593986066845740734e-02,3.594971898025259294e-02
8.632842855583826303e-02,3.602394802671666368e-02
8.671785794025814453e-02,3.609812605401357954e-02
8.710814884071842179e-02,3.617225296696844478e-02
8.749930127436518490e-02,3.624632866952682414e-02
8.789131525645002552e-02,3.632035306475090569e-02
8.828419080029305255e-02,3.639432605481605909e-02
8.867792791724318779e-02,3.646824754100708166e-02
8.907252661664148696e-02,3.654211742371486077e-02
8.946798690578237900e-02,3.661593560243269624e-02
8.986430878987526627e-02,3.668970197575271985e-02
9.026149227200730429e-02,3.676341644136264797e-02
9.065953735310389172e-02,3.683707889604193736e-02
9.105844403189250480e-02,3.691068923565877374e-02
9.145821230486358977e-02,3.698424735516630396e-02
9.185884216623195486e-02,3.705775314859934694e-02
9.226033360790081295e-02,3.713120650907122261e-02
9.266268661942221596e-02,3.720460732877003962e-02
9.306590118795959876e-02,3.727795549895562138e-02
9.346997729825048951e-02,3.735125090995618236e-02
9.387491493256849839e-02,3.742449345116505288e-02
9.428071407068504273e-02,3.749768301103727913e-02
9.468737468983223771e-02,3.757081947708663244e-02
9.509489676466555130e-02,3.764390273588220232e-02
9.550328026722522401e-02,3.771693267304539882e-02
9.591252516690007557e-02,3.778990917324674681e-02
9.632263143038848063e-02,3.786283212020268713e-02
9.673359902166196733e-02,3.793570139667246793e-02
9.714542790192833011e-02,3.800851688445535531e-02
9.755811802959243884e-02,3.808127846438717073e-02
9.797166936022100314e-02,3.815398601633766124e-02
9.838608184650406152e-02,3.822663941920718261e-02
9.880135543821844113e-02,3.829923855092402102e-02
9.921749008219041266e-02,3.837178328844117331e-02
9.963448572225917788e-02,3.844427350773374497e-02
1.000523422992388028e-01,3.851670908379579983e-02
1.004710597508825520e-01,3.858908989063766087e-02
1.008906380118453766e-01,3.866141580128296812e-02
1.013110770136475963e-01,3.873368668776604878e-02
1.017323766846374572e-01,3.880590242112891275e-02
1.021545369499557154e-01,3.887806287141868516e-02
1.025775577314979037e-01,3.895016790768486559e-02
1.030014389478787901e-01,3.902221739797651079e-02
1.034261805143952551e-01,3.909421120933973676e-02
1.038517823429910281e-01,3.916614920781497089e-02
1.042782443422193284e-01,3.923803125843443318e-02
1.047055664172073242e-01,3.930985722521945086e-02
1.051337484696200086e-01,3.938162697117792571e-02
1.055627903976243537e-01,3.945334035830198177e-02
1.059926920958533941e-01,3.952499724756523836e-02
1.064234534553701872e-01,3.959659749892049246e-02
1.068550743636323269e-01,3.966814097129722771e-02
1.072875547044564587e-01,3.973962752259924819e-02
1.077208943579826689e-01,3.981105700970229144e-02
1.081550932006388743e-01,3.988242928845159296e-02
1.085901511051054480e-01,3.995374421365967266e-02
1.090260679402810656e-01,4.002500163910416991e-02
1.094628435712461795e-01,4.009620141752523459e-02
1.099004778592284348e-01,4.016734340062359798e-02
1.103389706615684335e-01,4.023842743905830383e-02
1.107783218316834156e-01,4.030945338244439069e-02
1.112185312190347303e-01,4.038042107935108788e-02
1.116595986690916004e-01,4.045133037729936598e-02
1.121015240232966226e-01,4.052218112275997319e-02
1.125443071190323080e-01,4.059297316115149240e-02
1.129879477895866652e-01,4.066370633683826646e-02
1.134324458641177008e-01,4.073438049312830267e-02
1.138778011676213342e-01,4.080499547227147555e-02
1.143240135208962588e-01,4.087555111545753544e-02
1.147710827405104411e-01,4.094604726281425577e-02
1.152190086387675089e-01,4.101648375340551100e-02
1.156677910236729445e-01,4.108686042522945864e-02
1.161174296989008342e-01,4.115717711521683919e-02
1.165679244637610051e-01,4.122743365922908881e-02
1.170192751131645115e-01,4.129762989205669477e-02
1.174714814375921318e-01,4.136776564741743989e-02
1.179245432230602436e-01,4.143784075795473032e-02
1.183784602510888073e-01,4.150785505523601343e-02
1.188332322986681566e-01,4.157780836975118188e-02
1.192888591382270519e-01,4.164770053091089441e-02
1.197453405375990126e-01,4.171753136704509091e-02
1.202026762599918974e-01,4.178730070540161851e-02
1.206608660639542779e-01,4.185700837214454545e-02
1.211199097033441030e-01,4.192665419235283575e-02
1.215798069272962106e-01,4.199623799001891283e-02
1.220405574801916720e-01,4.206575958804730647e-02
1.225021611016252482e-01,4.213521880825328580e-02
1.229646175263745256e-01,4.220461547136161728e-02
1.234279264843684415e-01,4.227394939700514914e-02
1.238920877006557258e-01,4.234322040372369422e-02
1.243571008953748835e-01,4.241242830896279487e-02
1.248229657837219286e-01,4.248157292907250165e-02
1.252896820759214769e-01,4.255065407930630483e-02
1.257572494771948546e-01,4.261967157381996857e-02
1.262256676877297756e-01,4.268862522567050399e-02
1.266949364026508373e-01,4.275751484681503123e-02
1.271650553119891280e-01,4.282634024810993978e-02
1.276360241006520291e-01,4.289510123930976443e-02
1.281078424483932665e-01,4.296379762906633176e-02
1.285805100297845449e-01,4.303242922492780259e-02
1.290540265141849052e-01,4.310099583333792950e-02
1.295283915657113594e-01,4.316949725963505763e-02
1.300036048432106905e-01,4.323793330805136143e-02
1.304796660002300601e-01,4.330630378171223399e-02
1.309565746849881418e-01,4.337460848263539198e-02
1.314343305403462836e-01,4.344284721173019559e-02
1.319129332037810853e-01,4.351101976879710731e-02
1.323923823073546169e-01,4.357912595252692173e-02
1.328726774776874675e-01,4.364716556050032836e-02
1.333538183359306850e-01,4.371513838918723166e-02
1.338358044977376038e-01,4.378304423394627221e-02
1.343186355732362558e-01,4.385088288902437570e-02
1.348023111670028917e-01,4.391865414755632968e-02
1.352868308780331152e-01,4.398635780156418679e-02
1.357721942997166809e-01,4.405399364195718842e-02
1.362584010198095164e-01,4.412156145853127209e-02
1.367454506204070219e-01,4.418906103996860651e-02
1.372333426779181742e-01,4.425649217383768874e-02
1.377220767630387699e-01,4.432385464659275437e-02
1.382116524407257518e-01,4.439114824357381917e-02
1.387020692701703972e-01,4.445837274900644315e-02
1.391933268047740868e-01,4.452552794600160568e-02
1.396854245921204662e-01,4.459261361655553202e-02
1.401783621739531027e-01,4.465962954154993614e-02
1.406721390861471743e-01,4.472657550075160443e-02
1.411667548586870713e-01,4.479345127281273570e-02
1.416622090156399449e-01,4.486025663527085094e-02
1.421585010751319766e-01,4.492699136454896686e-02
1.426556305493237031e-01,4.499365523595565824e-02
1.431535969443855083e-01,4.506024802368526622e-02
1.436523997604745306e-01,4.512676950081812022e-02
1.441520384917100162e-01,4.519321943932078783e-02
1.446525126261500038e-01,4.525959761004631071e-02
1.451538216457684272e-01,4.532590378273460702e-02
1.456559650264307171e-01,4.539213772601269348e-02
1.461589422378721803e-01,4.545829920739519886e-02
1.466627527436745182e-01,4.552438799328483582e-02
1.471673960012434557e-01,4.559040384897266457e-02
1.476728714617863147e-01,4.565634653863885617e-02
1.481791785702896991e-01,4.572221582535301865e-02
1.486863167654978446e-01,4.578801147107493946e-02
1.491942854798907758e-01,4.585373323665506429e-02
1.497030841396630729e-01,4.591938088183530886e-02
1.502127121647020003e-01,4.598495416524964879e-02
1.507231689685672171e-01,4.605045284442487591e-02
1.512344539584686565e-01,4.611587667578135458e-02
1.517465665352476789e-01,4.618122541463392378e-02
1.522595060933545630e-01,4.624649881519254935e-02
1.527732720208305750e-01,4.631169663056351055e-02
1.532878636992853760e-01,4.637681861274992740e-02
1.538032805038801742e-01,4.644186451265320398e-02
1.543195218033052152e-01,4.650683408007349334e-02
1.548365869597632394e-01,4.657172706371125182e-02
1.553544753289476110e-01,4.663654321116786350e-02
1.558731862600264417e-01,4.670128226894718071e-02
1.563927190956211077e-01,4.676594398245629419e-02
1.569130731717896521e-01,4.683052809600700417e-02
1.574342478180077998e-01,4.689503435281681260e-02
1.579562423571519436e-01,4.695946249501055381e-02
1.584790561054794933e-01,4.702381226362123412e-02
1.590026883726134710e-01,4.708808339859176656e-02
1.595271384615239707e-01,4.715227563877612271e-02
1.600524056685117824e-01,4.721638872194092174e-02
1.605784892831912392e-01,4.728042238476678344e-02
1.611053885884732584e-01,4.734437636284986872e-02
1.616331028605497988e-01,4.740825039070337837e-02
1.621616313688772626e-01,4.747204420175918371e-02
1.626909733761611743e-01,4.753575752836955437e-02
1.632211281383396106e-01,4.759939010180849056e-02
1.637520949045684626e-01,4.766294165227371454e-02
1.642838729172066969e-01,4.772641190888840534e-02
1.648164614118000082e-01,4.778980059970274613e-02
1.653498596170681345e-01,4.785310745169596425e-02
1.658840667548883985e-01,4.791633219077805206e-02
1.664190820402829951e-01,4.797947454179173760e-02
1.669549046814048643e-01,4.804253422851437888e-02
1.674915338795230357e-01,4.810551097365992068e-02
1.680289688290101668e-01,4.816840449888096926e-02
1.685672087173289424e-01,4.823121452477071441e-02
1.691062527250195846e-01,4.829394077086521242e-02
1.696461000256858920e-01,4.835658295564531500e-02
1.701867497859844980e-01,4.841914079653892450e-02
1.707282011656114651e-01,4.848161400992331838e-02
1.712704533172904053e-01,4.854400231112710601e-02
1.718135053867614337e-01,4.860630541443285157e-02
1.723573565127690665e-01,4.866852303307910715e-02
1.729020058270518689e-01,4.873065487926300787e-02
1.734474524543296314e-01,4.879270066414250623e-02
1.739936955122946827e-01,4.885466009783885621e-02
1.745407341116013700e-01,4.891653288943925704e-02
1.750885673558537081e-01,4.897831874699911520e-02
1.756371943415978298e-01,4.904001737754472984e-02
1.761866141583116607e-01,4.910162848707601974e-02
1.767368258883943166e-01,4.916315178056890334e-02
1.772878286071583320e-01,4.922458696197820616e-02
1.778396213828203898e-01,4.928593373424024204e-02
1.783922032764923560e-01,4.934719179927568589e-02
1.789455733421732309e-01,4.940836085799221039e-02
1.794997306267405446e-01,4.946944061028755307e-02
1.800546741699428077e-01,4.953043075505213222e-02
1.806104030043926001e-01,4.959133099017218327e-02
1.811669161555574392e-01,4.965214101253259682e-02
1.817242126417544512e-01,4.971286051801998562e-02
1.822822914741432376e-01,4.977348920152568912e-02
1.828411516567175488e-01,4.983402675694874329e-02
1.834007921863020918e-01,4.989447287719922519e-02
1.839612120525433159e-01,4.995482725420120895e-02
1.845224102379057207e-01,5.001508957889602702e-02
1.850843857176660001e-01,5.007525954124554535e-02
1.856471374599069635e-01,5.013533683023538995e-02
1.862106644255137056e-01,5.019532113387829148e-02
1.867749655681673060e-01,5.025521213921727709e-02
1.873400398343429973e-01,5.031500953232943829e-02
1.879058861633029487e-01,5.037471299832890770e-02
1.884725034870946003e-01,5.043432222137070320e-02
1.890398907305454179e-01,5.049383688465394759e-02
1.896080468112614492e-01,5.055325667042565724e-02
1.901769706396226334e-01,5.061258125998416985e-02
1.907466611187796368e-01,5.067181033368282211e-02
1.913171171446531593e-01,5.073094357093366202e-02
1.918883376059305479e-01,5.078998065021111258e-02
1.924603213840627991e-01,5.084892124905565636e-02
1.930330673532650865e-01,5.090776504407779762e-02
1.936065743805130968e-01,5.096651171096167054e-02
1.941808413255430854e-01,5.102516092446907764e-02
1.947558670408502668e-01,5.108371235844325758e-02
1.953316503716892027e-01,5.114216568581297917e-02
1.959081901560719985e-01,5.120052057859638545e-02
1.964854852247687189e-01,5.125877670790501828e-02
1.970635344013083601e-01,5.131693374394804413e-02
1.976423365019782663e-01,5.137499135603613987e-02
1.982218903358247963e-01,5.143294921258571156e-02
1.988021947046549609e-01,5.149080698112312032e-02
1.993832484030379493e-01,5.154856432828894969e-02
1.999650502183048240e-01,5.160622091984193305e-02
2.005475989305526840e-01,5.166377642066376230e-02
2.011308933126449705e-01,5.172123049476297363e-02
2.017149321302142695e-01,5.177858280527943002e-02
2.022997141416660594e-01,5.183583301448900504e-02
2.028852380981794323e-01,5.189298078380761431e-02
2.034715027437128398e-01,5.195002577379599640e-02
2.040585068150044812e-01,5.200696764416407047e-02
2.046462490415792146e-01,5.206380605377567555e-02
2.052347281457504447e-01,5.212054066065297669e-02
2.058239428426249240e-01,5.217717112198124590e-02
2.064138918401074163e-01,5.223369709411344181e-02
2.070045738389058032e-01,5.229011823257510155e-02
2.075959875325350812e-01,5.234643419206874704e-02
2.081881316073247723e-01,5.240264462647920701e-02
2.087810047424221993e-01,5.245874918887787064e-02
2.093746056097998409e-01,5.251474753152799574e-02
2.099689328742616323e-01,5.257063930588943418e-02
2.105639851934480722e-01,5.262642416262350992e-02
2.111597612178447991e-01,5.268210175159821623e-02
2.117562595907889200e-01,5.273767172189306601e-02
2.123534789484750052e-01,5.279313372180415714e-02
2.129514179199648582e-01,5.284848739884941832e-02
2.135500751271943720e-01,5.290373239977352177e-02
2.141494491849807447e-01,5.295886837055325397e-02
2.147495387010324996e-01,5.301389495640264349e-02
2.153503422759569519e-01,5.306881180177814433e-02
2.159518585032703109e-01,5.312361855038410380e-02
2.165540859694058962e-01,5.317831484517792501e-02
2.171570232537233525e-01,5.323290032837538904e-02
2.177606689285205288e-01,5.328737464145626851e-02
2.183650215590411114e-01,5.334173742516955946e-02
2.189700797034860591e-01,5.339598831953905334e-02
2.195758419130243444e-01,5.345012696386879092e-02
2.201823067318037230e-01,5.350415299674866204e-02
2.207894726969615584e-01,5.355806605605997056e-02
2.213973383386363958e-01,5.361186577898100630e-02
2.220059021799800358e-01,5.366555180199271413e-02
2.226151627371693864e-01,5.371912376088452956e-02
2.232251185194186194e-01,5.377258129075988130e-02
2.238357680289909390e-01,5.382592402604207543e-02
2.244471097612133481e-01,5.387915160048015878e-02
2.250591422044871670e-01,5.393226364715453247e-02
2.256718638403041599e-01,5.398525979848318307e-02
2.262852731432574982e-01,5.403813968622721980e-02
2.268993685810579142e-01,5.409090294149707101e-02
2.275141486145463021e-01,5.414354919475836830e-02
2.281296116977087896e-01,5.419607807583795567e-02
2.287457562776912812e-01,5.424848921392996098e-02
2.293625807948148909e-01,5.430078223760196471e-02
2.299800836825910133e-01,5.435295677480096038e-02
2.305982633677357563e-01,5.440501245285964127e-02
2.312171182701878158e-01,5.445694889850255516e-02
2.318366468031227978e-01,5.450876573785237711e-02
2.324568473729700657e-01,5.456046259643607121e-02
2.330777183794300045e-01,5.461203909919132293e-02
2.336992582154897857e-01,5.466349487047272859e-02
2.343214652674411591e-01,5.471482953405829713e-02
2.349443379148981603e-01,5.476604271315582695e-02
2.355678745308140976e-01,5.481713403040926885e-02
2.361920734814996203e-01,5.486810310790527639e-02
2.368169331266412048e-01,5.491894956717969373e-02
2.374424518193203326e-01,5.496967302922411980e-02
2.380686279060297006e-01,5.502027311449237540e-02
2.386954597266954248e-01,5.507074944290730328e-02
2.393229456146945822e-01,5.512110163386722828e-02
2.399510838968745285e-01,5.517132930625278514e-02
2.405798728935733821e-01,5.522143207843351748e-02
2.412093109186402018e-01,5.527140956827468476e-02
2.418393962794544438e-01,5.532126139314405555e-02
2.424701272769476390e-01,5.537098716991860348e-02
2.431015022056230157e-01,5.542058651499149474e-02
2.437335193535779543e-01,5.547005904427892986e-02
2.443661770025241931e-01,5.551940437322703398e-02
2.449994734278101438e-01,5.556862211681878883e-02
2.456334068984424301e-01,5.561771188958101325e-02
2.462679756771080641e-01,5.566667330559135762e-02
2.469031780201977333e-01,5.571550597848550640e-02
2.475390121778263952e-01,5.576420952146397131e-02
2.481754763938584796e-01,5.581278354729945351e-02
2.488125689059290380e-01,5.586122766834375475e-02
2.494502879454696398e-01,5.590954149653522970e-02
2.500886317377292167e-01,5.595772464340574570e-02
2.507275985017994313e-01,5.600577672008796859e-02
2.513671864506397124e-01,5.605369733732273180e-02
2.520073937910999873e-01,5.610148610546621811e-02
2.526482187239459942e-01,5.614914263449734960e-02
2.532896594438850402e-01,5.619666653402513590e-02
2.539317141395897592e-01,5.624405741329607800e-02
2.545743809937243141e-01,5.629131488120148186e-02
2.552176581829707080e-01,5.633843854628513281e-02
2.558615438780530993e-01,5.638542801675053284e-02
2.565060362437655006e-01,5.643228290046861662e-02
2.571511334389976478e-01,5.647900280498514836e-02
2.577968336167611452e-01,5.652558733752837544e-02
2.584431349242170550e-01,5.657203610501657098e-02
2.590900355027030422e-01,5.661834871406576375e-02
2.597375334877598529e-01,5.666452477099730850e-02
2.603856270091601255e-01,5.671056388184555347e-02
2.610343141909362008e-01,5.675646565236579233e-02
2.616835931514067126e-01,5.680222968804166800e-02
2.623334620032069520e-01,5.684785559409319400e-02
2.629839188533161787e-01,5.689334297548449826e-02
2.636349618030861541e-01,5.693869143693165019e-02
2.642865889482722830e-01,5.698390058291056409e-02
2.649387983790595924e-01,5.702897001766479151e-02
2.655915881800952616e-01,5.707389934521360508e-02
2.662449564305176541e-01,5.711868816935979087e-02
2.668989012039847952e-01,5.716333609369778773e-02
2.675534205687057909e-01,5.720784272162148659e-02
2.682085125874718035e-01,5.725220765633243919e-02
2.688641753176853610e-01,5.729643050084791411e-02
2.695204068113928875e-01,5.734051085800885572e-02
2.701772051153135124e-01,5.738444833048805815e-02
2.708345682708730995e-01,5.742824252079841568e-02
2.714924943142337233e-01,5.747189303130095100e-02
2.721509812763269753e-01,5.751539946421308641e-02
2.728100271828846068e-01,5.755876142161680392e-02
2.734696300544717240e-01,5.760197850546695114e-02
2.741297879065197063e-01,5.764505031759954712e-02
2.747904987493566820e-01,5.768797645973994942e-02
2.754517605882432219e-01,5.773075653351129877e-02
2.761135714234032590e-01,5.777339014044287346e-02
2.767759292500594492e-01,5.781587688197839525e-02
2.774388320584642020e-01,5.785821635948445313e-02
2.781022778339353185e-01,5.790040817425893410e-02
2.787662645568902420e-01,5.794245192753957885e-02
2.794307902028783097e-01,5.798434722051222512e-02
2.800958527426165023e-01,5.802609365431951605e-02
2.807614501420245823e-01,5.806769083006937948e-02
2.814275803622580119e-01,5.810913834884353507e-02
2.820942413597448684e-01,5.815043581170602910e-02
2.827614310862198166e-01,5.819158281971197055e-02
2.834291474887604134e-01,5.823257897391601740e-02
2.840973885098211915e-01,5.827342387538108487e-02
2.847661520872719065e-01,5.831411712518701218e-02
2.854354361544312324e-01,5.835465832443921530e-02
2.861052386401046754e-01,5.839504707427741609e-02
2.867755574686191578e-01,5.843528297588441306e-02
2.874463905598615976e-01,5.847536563049476194e-02
2.881177358293144364e-01,5.851529463940365050e-02
2.887895911880931088e-01,5.855506960397562771e-02
2.894619545429827356e-01,5.859469012565342999e-02
2.901348237964764265e-01,5.863415580596689075e-02
2.908081968468114176e-01,5.867346624654168341e-02
2.914820715880086510e-01,5.871262104910835583e-02
2.921564459099086353e-01,5.875161981551108026e-02
2.928313176982119126e-01,5.879046214771680573e-02
2.935066848345144197e-01,5.882914764782391087e-02
2.941825451963489546e-01,5.886767591807146732e-02
2.948588966572218140e-01,5.890604656084793417e-02
2.955357370866522060e-01,5.894425917870050463e-02
2.962130643502117189e-01,5.898231337434377275e-02
2.968908763095626235e-01,5.902020875066910088e-02
2.975691708224981746e-01,5.905794491075350150e-02
2.982479457429814129e-01,5.909552145786872018e-02
2.989271989211849667e-01,5.913293799549047131e-02
2.996069282035314640e-01,5.917019412730744471e-02
3.002871314327328345e-01,5.920728945723045811e-02
3.009678064478306658e-01,5.924422358940168581e-02
3.016489510842373933e-01,5.928099612820376257e-02
3.023305631737755461e-01,5.931760667826904004e-02
3.030126405447192139e-01,5.935405484448873920e-02
3.036951810218350700e-01,5.939034023202224150e-02
3.043781824264225055e-01,5.942646244630627600e-02
3.050616425763556516e-01,5.946242109306429380e-02
3.057455592861242355e-01,5.949821577831555797e-02
3.064299303668752694e-01,5.953384610838466373e-02
3.071147536264545175e-01,5.956931168991064923e-02
3.078000268694484620e-01,5.960461212985646712e-02
3.084857478972257150e-01,5.963974703551832429e-02
3.091719145079802056e-01,5.967471601453493840e-02
3.098585244967712593e-01,5.970951867489696085e-02
3.105455756555690616e-01,5.974415462495647616e-02
3.112330657732941264e-01,5.977862347343624455e-02
3.119209926358620377e-01,5.981292482943924987e-02
3.126093540262241954e-01,5.984705830245796998e-02
3.132981477244134449e-01,5.988102350238408422e-02
3.139873715075848226e-01,5.991482003951768137e-02
3.146770231500590764e-01,5.994844752457689774e-02
3.153671004233674635e-01,5.998190556870731938e-02
3.160576010962933835e-01,6.001519378349156469e-02
3.167485229349166764e-01,6.004831178095869360e-02
3.174398637026580317e-01,6.008125917359386642e-02
3.181316211603210653e-01,6.011403557434777389e-02
3.188237930661384500e-01,6.014664059664625445e-02
3.195163771758134375e-01,6.017907385439980744e-02
3.202093712425666538e-01,6.021133496201325902e-02
3.209027730171785109e-01,6.024342353439525455e-02
3.215965802480345581e-01,6.027533918696794529e-02
3.222907906811691148e-01,6.030708153567648777e-02
3.229854020603112330e-01,6.033865019699877902e-02
3.236804121269281631e-01,6.037004478795505308e-02
3.243758186202714833e-01,6.040126492611749137e-02
3.250716192774198432e-01,6.043231022961990245e-02
3.257678118333268702e-01,6.046318031716733932e-02
3.264643940208647455e-01,6.049387480804595957e-02
3.271613635708689460e-01,6.052439332213237211e-02
3.278587182121849297e-01,6.055473547990362915e-02
3.285564556717127660e-01,6.058490090244680881e-02
3.292545736744534879e-01,6.061488921146871572e-02
3.299530699435528347e-01,6.064470002930556075e-02
3.306519422003501574e-01,6.067433297893284200e-02
3.313511881644206070e-01,6.070378768397483027e-02
3.320508055536244840e-01,6.073306376871459578e-02
3.327507920841499822e-01,6.076216085810347972e-02
3.334511454705625932e-01,6.079107857777107937e-02
3.341518634258477394e-01,6.081981655403485149e-02
3.348529436614604560e-01,6.084837441390991697e-02
3.355543838873696338e-01,6.087675178511888635e-02
3.362561818121040935e-01,6.090494829610161587e-02
3.369583351428010465e-01,6.093296357602495661e-02
3.376608415852503930e-01,6.096079725479254530e-02
3.383636988439430171e-01,6.098844896305469221e-02
3.390669046221165273e-01,6.101591833221806788e-02
3.397704566218022748e-01,6.104320499445558407e-02
3.404743525438725937e-01,6.107030858271615681e-02
3.411785900880866529e-01,6.109722873073452493e-02
3.418831669531379736e-01,6.112396507304111715e-02
3.425880808367020025e-01,6.115051724497187063e-02
3.432933294354820197e-01,6.117688488267792463e-02
3.439989104452567115e-01,6.120306762313565407e-02
3.447048215609281874e-01,6.122906510415636328e-02
3.454110604765668335e-01,6.125487696439615298e-02
3.461176248854617166e-01,6.128050284336571812e-02
3.468245124801648815e-01,6.130594238144029817e-02
3.475317209525409234e-01,6.133119521986940548e-02
3.482392479938128393e-01,6.135626100078672013e-02
3.489470912946102121e-01,6.138113936721989461e-02
3.496552485450164505e-01,6.140582996310049030e-02
3.503637174346163063e-01,6.143033243327363641e-02
3.510724956525436702e-01,6.145464642350815382e-02
3.517815808875277561e-01,6.147877158050607527e-02
3.524909708279430620e-01,6.150270755191276917e-02
3.532006631618543335e-01,6.152645398632661244e-02
3.539106555770667462e-01,6.155001053330895477e-02
3.546209457611709248e-01,6.157337684339383999e-02
3.553315314015929594e-01,6.159655256809791479e-02
3.560424101856399237e-01,6.161953735993028203e-02
3.567535798005498360e-01,6.164233087240232611e-02
3.574650379335373995e-01,6.166493276003748997e-02
3.581767822718431304e-01,6.168734267838129476e-02
3.588888105027794873e-01,6.170956028401082538e-02
3.596011203137812196e-01,6.173158523454503471e-02
3.603137093924489442e-01,6.175341718865405560e-02
3.610265754266019367e-01,6.177505580606948432e-02
3.617397161043217069e-01,6.179650074759385214e-02
3.624531291140020706e-01,6.181775167511064512e-02
3.631668121443962227e-01,6.183880825159406708e-02
3.638807628846630338e-01,6.185967014111876799e-02
3.645949790244177868e-01,6.188033700886973187e-02
3.653094582537773083e-01,6.190080852115209531e-02
3.660241982634087066e-01,6.192108434540080641e-02
3.667391967445770562e-01,6.194116415019056826e-02
3.674544513891926378e-01,6.196104760524550475e-02
3.681699598898586223e-01,6.198073438144896530e-02
3.688857199399194209e-01,6.200022415085336414e-02
3.696017292335071480e-01,6.201951658668982542e-02
3.703179854655899161e-01,6.203861136337793930e-02
3.710344863320192976e-01,6.205750815653565677e-02
3.717512295295777314e-01,6.207620664298885149e-02
3.724682127560257627e-01,6.209470650078117299e-02
3.731854337101500607e-01,6.211300740918367091e-02
3.739028900918103249e-01,6.213110904870460666e-02
3.746205796019861922e-01,6.214901110109909144e-02
3.753384999428263091e-01,6.216671324937880078e-02
3.760566488176927957e-01,6.218421517782161956e-02
3.767750239312116500e-01,6.220151657198143280e-02
3.774936229893171569e-01,6.221861711869764583e-02
3.782124436993007932e-01,6.223551650610496810e-02
3.789314837698576355e-01,6.225221442364298197e-02
3.796507409111333220e-01,6.226871056206581545e-02
3.803702128347711819e-01,6.228500461345173878e-02
3.810898972539583651e-01,6.230109627121276084e-02
3.818097918834750248e-01,6.231698523010435059e-02
3.825298944397373946e-01,6.233267118623486008e-02
3.832502026408482476e-01,6.234815383707518338e-02
3.839707142066398071e-01,6.236343288146832531e-02
3.846914268587245389e-01,6.237850801963900488e-02
3.854123383205376174e-01,6.239337895320306443e-02
3.861334463173852760e-01,6.240804538517706612e-02
3.868547485764921579e-01,6.242250701998786067e-02
3.875762428270446702e-01,6.243676356348199646e-02
3.882979268002398343e-01,6.245081472293518426e-02
3.890197982293300272e-01,6.246466020706191447e-02
3.897418548496686674e-01,6.247829972602478299e-02
3.904640943987579549e-01,6.249173299144390736e-02
3.911865146162922247e-01,6.250495971640648851e-02
3.919091132442056313e-01,6.251797961547610194e-02
3.926318880267160027e-01,6.253079240470213462e-02
3.933548367103722465e-01,6.254339780162916640e-02
3.940779570440984814e-01,6.255579552530625420e-02
3.948012467792394453e-01,6.256798529629645222e-02
3.955247036696058482e-01,6.257996683668590188e-02
3.962483254715203906e-01,6.259173987009337969e-02
3.969721099438606182e-01,6.260330412167935954e-02
3.976960548481064950e-01,6.261465931815551889e-02
3.984201579483819256e-01,6.262580518779378713e-02
3.991444170115027168e-01,6.263674146043568536e-02
3.998688298070185443e-01,6.264746786750152729e-02
4.005933941072589710e-01,6.265798414199967581e-02
4.013181076873764130e-01,6.266829001853556347e-02
4.020429683253917141e-01,6.267838523332101841e-02
4.027679738022362232e-01,6.268826952418335430e-02
4.034931219017976467e-01,6.269794263057437700e-02
4.042184104109632359e-01,6.270740429357968271e-02
4.049438371196619757e-01,6.271665425592759524e-02
4.056693998209099927e-01,6.272569226199822823e-02
4.063950963108524661e-01,6.273451805783258894e-02
4.071209243888079254e-01,6.274313139114151561e-02
4.078468818573103838e-01,6.275153201131476732e-02
4.085729665221527473e-01,6.275971966942979485e-02
4.092991761924287264e-01,6.276769411826103873e-02
4.100255086805772997e-01,6.277545511228846409e-02
4.107519618024224051e-01,6.278300240770663676e-02
4.114785333772183473e-01,6.279033576243370218e-02
4.122052212276886007e-01,6.279745493612008678e-02
4.129320231800702734e-01,6.280435969015732423e-02
4.136589370641546304e-01,6.281104978768693725e-02
4.143859607133300038e-01,6.281752499360926389e-02
4.151130919646213724e-01,6.282378507459200623e-02
4.158403286587328274e-01,6.282982979907919541e-02
4.165676686400882622e-01,6.283565893729974039e-02
4.172951097568734502e-01,6.284127226127615706e-02
4.180226498610740138e-01,6.284666954483328349e-02
4.187502868085199448e-01,6.285185056360675926e-02
4.194780184589219085e-01,6.285681509505176845e-02
4.202058426759151533e-01,6.286156291845156063e-02
4.209337573270958699e-01,6.286609381492590243e-02
4.216617602840646573e-01,6.287040756743977887e-02
4.223898494224631595e-01,6.287450396081180337e-02
4.231180226220155327e-01,6.287838278172258599e-02
4.238462777665664150e-01,6.288204381872322668e-02
4.245746127441206719e-01,6.288548686224389173e-02
4.253030254468821436e-01,6.288871170460186288e-02
4.260315137712917255e-01,6.289171814001011385e-02
4.267600756180667809e-01,6.289450596458572018e-02
4.274887088922381673e-01,6.289707497635768640e-02
4.282174115031902595e-01,6.289942497527582776e-02
4.289461813646956445e-01,6.290155576321852793e-02
4.296750163949560886e-01,6.290346714400112116e-02
4.304039145166371205e-01,6.290515892338408022e-02
4.311328736569075559e-01,6.290663090908096833e-02
4.318618917474741359e-01,6.290788291076686300e-02
4.325909667246206070e-01,6.290891474008607209e-02
4.333200965292416385e-01,6.290972621066048820e-02
4.340492791068816802e-01,6.291031713809733250e-02
4.347785124077692687e-01,6.291068733999731488e-02
4.355077943868530532e-01,6.291083663596246101e-02
4.362371230038383785e-01,6.291076484760413368e-02
4.369664962232213679e-01,6.291047179855076277e-02
4.376959120143243398e-01,6.290995731445583883e-02
4.384253683513319455e-01,6.290922122300557362e-02
4.391548632133234764e-01,6.290826335392682434e-02
4.398843945843094461e-01,6.290708353899471250e-02
4.406139604532641751e-01,6.290568161204036779e-02
4.413435588141605415e-01,6.290405740895860243e-02
4.420731876660026205e-01,6.290221076771553010e-02
4.428028450128613791e-01,6.290014152835630978e-02
4.435325288639041519e-01,6.289784953301227888e-02
4.442622372334310010e-01,6.289533462590905788e-02
4.449919681409055250e-01,6.289259665337365579e-02
4.457217196109870549e-01,6.288963546384200576e-02
4.464514896735641836e-01,6.288645090786644520e-02
4.471812763637835197e-01,6.288304283812296003e-02
4.479110777220860484e-01,6.287941110941869249e-02
4.486408917942331653e-01,6.287555557869918543e-02
4.493707166313425927e-01,6.287147610505551543e-02
4.501005502899146360e-01,6.286717254973174518e-02
4.508303908318653797e-01,6.286264477613193180e-02
4.515602363245564965e-01,6.285789264982738489e-02
4.522900848408249463e-01,6.285291603856370257e-02
4.530199344590118415e-01,6.284771481226787693e-02
4.537497832629925898e-01,6.284228884305537166e-02
4.544796293422064815e-01,6.283663800523694998e-02
4.552094707916837790e-01,6.283076217532591878e-02
4.559393057120754156e-01,6.282466123204466513e-02
4.566691322096816941e-01,6.281833505633183101e-02
4.573989483964781000e-01,6.281178353134903025e-02
4.581287523901452219e-01,6.280500654248767634e-02
4.588585423140941755e-01,6.279800397737554662e-02
4.595883162974952474e-01,6.279077572588381839e-02
4.603180724753029862e-01,6.278332168013336934e-02
4.610478089882840691e-01,6.277564173450173035e-02
4.617775239830414491e-01,6.276773578562937217e-02
4.625072156120430544e-01,6.275960373242653323e-02
4.632368820336443260e-01,6.275124547607940917e-02
4.639665214121146408e-01,6.274266092005675866e-02
4.646961319176629024e-01,6.273384997011642594e-02
4.654257117264605226e-01,6.272481253431141934e-02
4.661552590206664015e-01,6.271554852299651706e-02
4.668847719884510750e-01,6.270605784883422074e-02
4.676142488240203066e-01,6.269634042680144459e-02
4.683436877276371257e-01,6.268639617419517751e-02
4.690730869056468078e-01,6.267622501063897789e-02
4.698024445704974683e-01,6.266582685808898268e-02
4.705317589407631007e-01,6.265520164083983323e-02
4.712610282411665019e-01,6.264434928553089255e-02
4.719902507025995342e-01,6.263326972115203228e-02
4.727194245621445523e-01,6.262196287904960024e-02
4.734485480630964416e-01,6.261042869293224900e-02
4.741776194549811585e-01,6.259866709887686176e-02
4.749066369935790455e-01,6.258667803533417284e-02
4.756355989409418727e-01,6.257446144313461023e-02
4.763645035654136550e-01,6.256201726549390219e-02
4.770933491416504135e-01,6.254934544801876717e-02
4.778221339506378840e-01,6.253644593871238166e-02
4.785508562797108900e-01,6.252331868798007009e-02
4.792795144225716619e-01,6.250996364863464771e-02
4.800081066793068785e-01,6.249638077590190244e-02
4.807366313564062077e-01,6.248257002742604871e-02
4.814650867667781831e-01,6.246853136327497336e-02
4.821934712297690773e-01,6.245426474594557853e-02
4.829217830711765025e-01,6.243977014036895812e-02
4.836500206232684507e-01,6.242504751391564355e-02
4.843781822247960611e-01,6.241009683640073857e-02
4.851062662210124943e-01,6.239491808008901241e-02
4.858342709636843670e-01,6.237951121969988189e-02
4.865621948111084061e-01,6.236387623241242129e-02
4.872900361281257697e-01,6.234801309787039308e-02
4.880177932861355927e-01,6.233192179818698719e-02
4.887454646631076427e-01,6.231560231794975452e-02
4.894730486435970307e-01,6.229905464422538092e-02
4.902005436187562570e-01,6.228227876656430850e-02
4.909279479863478124e-01,6.226527467700564145e-02
4.916552601507553355e-01,6.224804237008151747e-02
4.923824785229971579e-01,6.223058184282184019e-02
4.931096015207355743e-01,6.221289309475876161e-02
4.938366275682898876e-01,6.219497612793119246e-02
4.945635550966444582e-01,6.217683094688908341e-02
4.952903825434610829e-01,6.215845755869798400e-02
4.960171083530878766e-01,6.213985597294317820e-02
4.967437309765686537e-01,6.212102620173405587e-02
4.974702488716515325e-01,6.210196825970827617e-02
4.981966605027990935e-01,6.208268216403586837e-02
4.989229643411945414e-01,6.206316793442340218e-02
4.996491588647510862e-01,6.204342559311801925e-02
5.003752425581190488e-01,6.202345516491136052e-02
5.011012139126928000e-01,6.200325667714352840e-02
5.018270714266173105e-01,6.198283015970699333e-02
5.025528136047943129e-01,6.196217564505036857e-02
5.032784389588895735e-01,6.194129316818222653e-02
5.040039460073357791e-01,6.192018276667472787e-02
5.047293332753408635e-01,6.189884448066736156e-02
5.054545992948903388e-01,6.187727835287049061e-02
5.061797426047511816e-01,6.185548442856885626e-02
5.069047617504788272e-01,6.183346275562524169e-02
5.076296552844176135e-01,6.181121338448369168e-02
5.083544217657054443e-01,6.178873636817292653e-02
5.090790597602756762e-01,6.176603176230976988e-02
5.098035678408596727e-01,6.174309962510236144e-02
5.105279445869895794e-01,6.171994001735322394e-02
5.112521885849986569e-01,6.169655300246262158e-02
5.119762984280227247e-01,6.167293864643146745e-02
5.127002727160012707e-01,6.164909701786448759e-02
5.134241100556764525e-01,6.162502818797312154e-02
5.141478090605948736e-01,6.160073223057837416e-02
5.148713683511054739e-01,6.157620922211383407e-02
5.155947865543598629e-01,6.155145924162831739e-02
5.163180623043086559e-01,6.152648237078868487e-02
5.170411942417024731e-01,6.150127869388249263e-02
5.177641810140881651e-01,6.147584829782063581e-02
5.184870212758068142e-01,6.145019127213987437e-02
5.192097136879896269e-01,6.142430770900535880e-02
5.199322569185562681e-01,6.139819770321308656e-02
5.206546496422091996e-01,6.137186135219221267e-02
5.213768905404304599e-01,6.134529875600751997e-02
5.220989783014764463e-01,6.131851001736152162e-02
5.228209116203739182e-01,6.129149524159670931e-02
5.235426891989130027e-01,6.126425453669778753e-02
5.242643097456411994e-01,6.123678801329366511e-02
5.249857719758589392e-01,6.120909578465950213e-02
5.257070746116104809e-01,6.118117796671865283e-02
5.264282163816779159e-01,6.115303467804459464e-02
5.271491960215739514e-01,6.112466603986282943e-02
5.278700122735319189e-01,6.109607217605247248e-02
5.285906638864995566e-01,6.106725321314820237e-02
5.293111496161292395e-01,6.103820928034172505e-02
5.300314682247676545e-01,6.100894050948354325e-02
5.307516184814470295e-01,6.097944703508433734e-02
5.314715991618755853e-01,6.094972899431654739e-02
5.321914090484248794e-01,6.091978652701570546e-02
5.329110469301214792e-01,6.088961977568185108e-02
5.336305116026324180e-01,6.085922888548078030e-02
5.343498018682565354e-01,6.082861400424522530e-02
5.350689165359093780e-01,6.079777528247624213e-02
5.357878544211117644e-01,6.076671287334393240e-02
5.365066143459769066e-01,6.073542693268879633e-02
5.372251951391963098e-01,6.070391761902264871e-02
5.379435956360248960e-01,6.067218509352938216e-02
5.386618146782685690e-01,6.064022952006602185e-02
5.393798511142676722e-01,6.060805106516331531e-02
5.400977037988817786e-01,6.057564989802664834e-02
5.408153715934754802e-01,6.054302619053653772e-02
5.415328533658998467e-01,6.051018011724936668e-02
5.422501479904776600e-01,6.047711185539785678e-02
5.429672543479859836e-01,6.044382158489145646e-02
5.436841713256379549e-01,6.041030948831694475e-02
5.444008978170659097e-01,6.037657575093859780e-02
5.451174327223018423e-01,6.034262056069852886e-02
5.458337749477608636e-01,6.030844410821693813e-02
5.465499234062192180e-01,6.027404658679230004e-02
5.472658770167959652e-01,6.023942819240123148e-02
5.479816347049341063e-01,6.020458912369883175e-02
5.486971954023780462e-01,6.016952958201841201e-02
5.494125580471543868e-01,6.013424977137148825e-02
5.501277215835489454e-01,6.009874989844759402e-02
5.508426849620868815e-01,6.006303017261403060e-02
5.515574471395091605e-01,6.002709080591559637e-02
5.522720070787502378e-01,5.999093201307426071e-02
5.529863637489155215e-01,5.995455401148858804e-02
5.537005161252573915e-01,5.991795702123347417e-02
5.544144631891512187e-01,5.988114126505936913e-02
5.551282039280714953e-01,5.984410696839181920e-02
5.558417373355672986e-01,5.980685435933074529e-02
5.565550624112358680e-01,5.976938366864958246e-02
5.572681781606984019e-01,5.973169512979457918e-02
5.579810835955738568e-01,5.969378897888395069e-02
5.586937777334516353e-01,5.965566545470680354e-02
5.594062595978650521e-01,5.961732479872224044e-02
5.601185282182649106e-01,5.957876725505821536e-02
5.608305826299905261e-01,5.953999307051043716e-02
5.615424218742428586e-01,5.950100249454108592e-02
5.622540449980545363e-01,5.946179577927767496e-02
5.629654510542621004e-01,5.942237317951161446e-02
5.636766391014761401e-01,5.938273495269682373e-02
5.643876082040513165e-01,5.934288135894823929e-02
5.650983574320566083e-01,5.930281266104042714e-02
5.658088858612432270e-01,5.926252912440574394e-02
5.665191925730159728e-01,5.922203101713289369e-02
5.672292766544002607e-01,5.918131860996508897e-02
5.679391371980100356e-01,5.914039217629819822e-02
5.686487733020155755e-01,5.909925199217910818e-02
5.693581840701114061e-01,5.905789833630350344e-02
5.700673686114824390e-01,5.901633149001410394e-02
5.707763260407709982e-01,5.897455173729854172e-02
5.714850554780425140e-01,5.893255936478714041e-02
5.721935560487508843e-01,5.889035466175086136e-02
5.729018268837042793e-01,5.884793792009897911e-02
5.736098671190297260e-01,5.880530943437677766e-02
5.743176758961370254e-01,5.876246950176314959e-02
5.750252523616830036e-01,5.871941842206816059e-02
5.757325956675360956e-01,5.867615649773054443e-02
5.764397049707378207e-01,5.863268403381507315e-02
5.771465794334668109e-01,5.858900133800994114e-02
5.778532182230002867e-01,5.854510872062405891e-02
5.785596205116771973e-01,5.850100649458419427e-02
5.792657854768582526e-01,5.845669497543231480e-02
5.799717123008883979e-01,5.841217448132238893e-02
5.806774001710566235e-01,5.836744533301765903e-02
5.813828482795586616e-01,5.832250785388751885e-02
5.820880558234523550e-01,5.827736236990430085e-02
5.827930220046215748e-01,5.823200920964029248e-02
5.834977460297342544e-01,5.818644870426432913e-02
5.842022271101994235e-01,5.814068118753856068e-02
5.849064644621291276e-01,5.809470699581506525e-02
5.856104573062916874e-01,5.804852646803244226e-02
5.863142048680740626e-01,5.800213994571222498e-02
5.870177063774365545e-01,5.795554777295541110e-02
5.877209610688700625e-01,5.790875029643877819e-02
5.884239681813524525e-01,5.786174786541117138e-02
5.891267269583061461e-01,5.781454083168977021e-02
5.898292366475507142e-01,5.776712954965628616e-02
5.905314965012619099e-01,5.771951437625290338e-02
5.912335057759244838e-01,5.767169567097858718e-02
5.919352637322867761e-01,5.762367379588480970e-02
5.926367696353163073e-01,5.757544911557159473e-02
5.933380227541519281e-01,5.752702199718331966e-02
5.940390223620592991e-01,5.747839281040449666e-02
5.947397677363819302e-01,5.742956192745551913e-02
5.954402581584956611e-01,5.738052972308822081e-02
5.961404929137603670e-01,5.733129657458154588e-02
5.968404712914719967e-01,5.728186286173702485e-02
5.975401925848145002e-01,5.723222896687429895e-02
5.982396560908105343e-01,5.718239527482643636e-02
5.989388611102739457e-01,5.713236217293515828e-02
5.996378069477591444e-01,5.708213005104641191e-02
6.003364929115110327e-01,5.703169930150522871e-02
6.010349183134164885e-01,5.698107031915102677e-02
6.017330824689528512e-01,5.693024350131269812e-02
6.024309846971378501e-01,5.687921924780349470e-02
6.031286243204777575e-01,5.682799796091605321e-02
6.038260006649163181e-01,5.677658004541731585e-02
6.045231130597832347e-01,5.672496590854320120e-02
6.052199608377422102e-01,5.667315595999345562e-02
6.059165433347379892e-01,5.662115061192628251e-02
6.066128598899439561e-01,5.656895027895306877e-02
6.073089098457085111e-01,5.651655537813278507e-02
6.080046925475030006e-01,5.646396632896660828e-02
6.087002073438668726e-01,5.641118355339221069e-02
6.093954535863532751e-01,5.635820747577834772e-02
6.100904306294768764e-01,5.630503852291890432e-02
6.107851378306560219e-01,5.625167712402733694e-02
6.114795745501604429e-01,5.619812371073075463e-02
6.121737401510551901e-01,5.614437871706404876e-02
6.128676339991437905e-01,5.609044257946397410e-02
6.135612554629144011e-01,5.603631573676304961e-02
6.142546039134819669e-01,5.598199863018363254e-02
6.149476787245328202e-01,5.592749170333165265e-02
6.156404792722675046e-01,5.587279540219048518e-02
6.163330049353432649e-01,5.581791017511469194e-02
6.170252550948175374e-01,5.576283647282362366e-02
6.177172291340894406e-01,5.570757474839516804e-02
6.184089264388425988e-01,5.565212545725917170e-02
6.191003463969861897e-01,5.559648905719102169e-02
6.197914883985972123e-01,5.554066600830505351e-02
6.204823518358613121e-01,5.548465677304795229e-02
6.211729361030133845e-01,5.542846181619199425e-02
6.218632405962785104e-01,5.537208160482835068e-02
6.225532647138138920e-01,5.531551660836030865e-02
6.232430078556461250e-01,5.525876729849626273e-02
6.239324694236133562e-01,5.520183414924299120e-02
6.246216488213043316e-01,5.514471763689850897e-02
6.253105454539967800e-01,5.508741824004503851e-02
6.259991587285985704e-01,5.502993643954191133e-02
6.266874880535849845e-01,5.497227271851851810e-02
6.273755328389375441e-01,5.491442756236682154e-02
6.280632924960838359e-01,5.485640145873429963e-02
6.287507664378335637e-01,5.479819489751652783e-02
6.294379540783174853e-01,5.473980837084967827e-02
6.301248548329265731e-01,5.468124237310317132e-02
6.308114681182467320e-01,5.462249740087217476e-02
6.314977933519984044e-01,5.456357395296982521e-02
6.321838299529715099e-01,5.450447253041985213e-02
6.328695773409648284e-01,5.444519363644862581e-02
6.335550349367206069e-01,5.438573777647760094e-02
6.342402021618617214e-01,5.432610545811535768e-02
6.349250784388280611e-01,5.426629719114987177e-02
6.356096631908114691e-01,5.420631348754037515e-02
6.362939558416936814e-01,5.414615486140959832e-02
6.369779558159792687e-01,5.408582182903560326e-02
6.376616625387332427e-01,5.402531490884369958e-02
6.383450754355154411e-01,5.396463462139824974e-02
6.390281939323149141e-01,5.390378148939459213e-02
6.397110174554870854e-01,5.384275603765052709e-02
6.403935454316858067e-01,5.378155879309832327e-02
6.410757772877986316e-01,5.372019028477602320e-02
6.417577124508823116e-01,5.365865104381917217e-02
6.424393503480959611e-01,5.359694160345229025e-02
6.431206904066355534e-01,5.353506249898037916e-02
6.438017320536675303e-01,5.347301426778021394e-02
6.444824747162628542e-01,5.341079744929178030e-02
6.451629178213302840e-01,5.334841258500947619e-02
6.458430607955502056e-01,5.328586021847352833e-02
6.465229030653075748e-01,5.322314089526090225e-02
6.472024440566249703e-01,5.316025516297663567e-02
6.478816831950963140e-01,5.309720357124493584e-02
6.485606199058195909e-01,5.303398667169999248e-02
6.492392536133294589e-01,5.297060501797715149e-02
6.499175837415290813e-01,5.290705916570377643e-02
6.505956097136255112e-01,5.284334967249006837e-02
6.512733309520586378e-01,5.277947709791989267e-02
6.519507468784357940e-01,5.271544200354160575e-02
6.526278569134631447e-01,5.265124495285865985e-02
6.533046604768788512e-01,5.258688651132034653e-02
6.539811569873839048e-01,5.252236724631238751e-02
6.546573458625744024e-01,5.245768772714747008e-02
6.553332265188747119e-01,5.239284852505574769e-02
6.560087983714677495e-01,5.232785021317530594e-02
6.566840608342275898e-01,5.226269336654259384e-02
6.573590133196506313e-01,5.219737856208277182e-02
6.580336552387876514e-01,5.213190637859993481e-02
6.587079860011759713e-01,5.206627739676755739e-02
6.593820050147691791e-01,5.200049219911845322e-02
6.600557116858710716e-01,5.193455137003519934e-02
6.607291054190645996e-01,5.186845549574001235e-02
6.614021856171452551e-01,5.180220516428493682e-02
6.620749516810514601e-01,5.173580096554197122e-02
6.627474030097955104e-01,5.166924349119266652e-02
6.634195390003969628e-01,5.160253333471852277e-02
6.640913590478110251e-01,5.153567109139048363e-02
6.647628625448617212e-01,5.146865735825896515e-02
6.654340488821730570e-01,5.140149273414357234e-02
6.661049174480991875e-01,5.133417781962287818e-02
6.667754676286581361e-01,5.126671321702402917e-02
6.674456988074592978e-01,5.119909953041246187e-02
6.681156103656381573e-01,5.113133736558150844e-02
6.687852016817862344e-01,5.106342733004189116e-02
6.694544721318818059e-01,5.099537003301129329e-02
6.701234210892228482e-01,5.092716608540381884e-02
6.707920479243563161e-01,5.085881609981932755e-02
6.714603520050119734e-01,5.079032069053292242e-02
6.721283326960317828e-01,5.072168047348428466e-02
6.727959893593036256e-01,5.065289606626686286e-02
6.734633213536894703e-01,5.058396808811727041e-02
6.741303280349612015e-01,5.051489715990428730e-02
6.747970087557283447e-01,5.044568390411822978e-02
6.754633628653732291e-01,5.037632894486004931e-02
6.761293897099805994e-01,5.030683290783022343e-02
6.767950886322700033e-01,5.023719642031807681e-02
6.774604589715284009e-01,5.016742011119048467e-02
6.781255000635417751e-01,5.009750461088117307e-02
6.787902112405277411e-01,5.002745055137930441e-02
6.794545918310669341e-01,4.995725856621860417e-02
6.801186411600368409e-01,4.988692929046605051e-02
6.807823585485425211e-01,4.981646336071080677e-02
6.814457433138513265e-01,4.974586141505281389e-02
6.821087947693236231e-01,4.967512409309172983e-02
6.827715122243473989e-01,4.960425203591544568e-02
6.834338949842704292e-01,4.953324588608881002e-02
6.840959423503333303e-01,4.946210628764223516e-02
6.847576536196028352e-01,4.939083388606026886e-02
6.854190280849068451e-01,4.931942932827011045e-02
6.860800650347655960e-01,4.924789326263016159e-02
6.867407637533271547e-01,4.917622633891849393e-02
6.874011235203005832e-01,4.910442920832121944e-02
6.880611436108912127e-01,4.903250252342092330e-02
6.887208232957334753e-01,4.896044693818505517e-02
6.893801618408269549e-01,4.888826310795422320e-02
6.900391585074691081e-01,4.881595168943049512e-02
6.906978125521930911e-01,4.874351334066564373e-02
6.913561232266997036e-01,4.867094872104939240e-02
6.920140897777953271e-01,4.859825849129759123e-02
6.926717114473259773e-01,4.852544331344045558e-02
6.933289874721136892e-01,4.845250385081056183e-02
6.939859170838923452e-01,4.837944076803105814e-02
6.946424995092445043e-01,4.830625473100360473e-02
6.952987339695371194e-01,4.823294640689659157e-02
6.959546196808580332e-01,4.815951646413296761e-02
6.966101558539550265e-01,4.808596557237829194e-02
6.972653416941700932e-01,4.801229440252868103e-02
6.979201764013798215e-01,4.793850362669870718e-02
6.985746591699314445e-01,4.786459391820927639e-02
6.992287891885817785e-01,4.779056595157548520e-02
6.998825656404351614e-01,4.771642040249443606e-02
7.005359877028818349e-01,4.764215794783310809e-02
7.011890545475389924e-01,4.756777926561600589e-02
7.018417653401866074e-01,4.749328503501297483e-02
7.024941192407104795e-01,4.741867593632692612e-02
7.031461154030400618e-01,4.734395265098146482e-02
7.037977529750898409e-01,4.726911586150868427e-02
7.044490310986980530e-01,4.719416625153659978e-02
7.050999489095711725e-01,4.711910450577697779e-02
7.057505055372216285e-01,4.704393131001267242e-02
7.064007001049109613e-01,4.696864735108548933e-02
7.070505317295928682e-01,4.689325331688347365e-02
7.076999995218526962e-01,4.681774989632851020e-02
7.083491025858532630e-01,4.674213777936380571e-02
7.089978400192761265e-01,4.666641765694146821e-02
7.096462109132660734e-01,4.659059022100969782e-02
7.102942143523744978e-01,4.651465616450044943e-02
7.109418494145030021e-01,4.643861618131669283e-02
7.115891151708495510e-01,4.636247096631985337e-02
7.122360106858531825e-01,4.628622121531719702e-02
7.128825350171382746e-01,4.620986762504895873e-02
7.135286872154629201e-01,4.613341089317597038e-02
7.141744663246626379e-01,4.605685171826674751e-02
7.148198713815994143e-01,4.598019079978481194e-02
7.154649014161070797e-01,4.590342883807595892e-02
7.161095554509414596e-01,4.582656653435548261e-02
7.167538325017257517e-01,4.574960459069531138e-02
7.173977315769015650e-01,4.567254371001146229e-02
7.180412516776759624e-01,4.559538459605091271e-02
7.186843917979732765e-01,4.551812795337897150e-02
7.193271509243841511e-01,4.544077448736633107e-02
7.199695280361149141e-01,4.536332490417625124e-02
7.206115221049417263e-01,4.528577991075159737e-02
7.212531320951588443e-01,4.520814021480211442e-02
7.218943569635328794e-01,4.513040652479120840e-02
7.225351956592543923e-01,4.505257954992336611e-02
7.231756471238920403e-01,4.497466000013095738e-02
7.238157102913458374e-01,4.489664858606136344e-02
7.244553840878004136e-01,4.481854601906404972e-02
7.250946674316818275e-01,4.474035301117743058e-02
7.257335592336110475e-01,4.466207027511606004e-02
7.263720583963618749e-01,4.458369852425746876e-02
7.270101638148137591e-01,4.450523847262920912e-02
7.276478743759142720e-01,4.442669083489583781e-02
7.282851889586317018e-01,4.434805632634582911e-02
7.289221064339160838e-01,4.426933566287850896e-02
7.295586256646582335e-01,4.419052956099096818e-02
7.301947455056470027e-01,4.411163873776507982e-02
7.308304648035318651e-01,4.403266391085430137e-02
7.314657823967819494e-01,4.395360579847064353e-02
7.321006971156469589e-01,4.387446511937154181e-02
7.327352077821221998e-01,4.379524259284670734e-02
7.333693132099073919e-01,4.371593893870507480e-02
7.340030122043712524e-01,4.363655487726159771e-02
7.346363035625168569e-01,4.355709112932414778e-02
7.352691860729441142e-01,4.347754841618037963e-02
7.359016585158161261e-01,4.339792745958452602e-02
7.365337196628256589e-01,4.331822898174423481e-02
7.371653682771591720e-01,4.323845370530753768e-02
7.377966031134670644e-01,4.315860235334949974e-02
7.384274229178302562e-01,4.307867564935913968e-02
7.390578264277289922e-01,4.299867431722623895e-02
7.396878123720118658e-01,4.291859908122812317e-02
7.403173794708672872e-01,4.283845066601651291e-02
7.409465264357923964e-01,4.275822979660431900e-02
7.415752519695659739e-01,4.267793719835243776e-02
7.422035547662206856e-01,4.259757359695652557e-02
7.428314335110156597e-01,4.251713971843385648e-02
7.434588868804100636e-01,4.243663628911008984e-02
7.440859135420387904e-01,4.235606403560605859e-02
7.447125121546871451e-01,4.227542368482453683e-02
7.453386813682667533e-01,4.219471596393706281e-02
7.459644198237922463e-01,4.211394160037080364e-02
7.465897261533597229e-01,4.203310132179516323e-02
7.472145989801255439e-01,4.195219585610874408e-02
7.478390369182844610e-01,4.187122593142608012e-02
7.484630385730496327e-01,4.179019227606441123e-02
7.490866025406355266e-01,4.170909561853047148e-02
7.497097274082376028e-01,4.162793668750733311e-02
7.503324117540155491e-01,4.154671621184113234e-02
7.509546541470771830e-01,4.146543492052798263e-02
7.515764531474620203e-01,4.138409354270067980e-02
7.521978073061273973e-01,4.130269280761546952e-02
7.528187151649332609e-01,4.122123344463898831e-02
7.534391752566292899e-01,4.113971618323501722e-02
7.540591861048442368e-01,4.105814175295123547e-02
7.546787462240711619e-01,4.097651088340614062e-02
7.552978541196612161e-01,4.089482430427578141e-02
7.559165082878108732e-01,4.081308274528070573e-02
7.565347072155536035e-01,4.073128693617267954e-02
7.571524493807545442e-01,4.064943760672152379e-02
7.577697332520997309e-01,4.056753548670216647e-02
7.583865572890936546e-01,4.048558130588116033e-02
7.590029199420523787e-01,4.040357579400386673e-02
7.596188196521000968e-01,4.032151968078113297e-02
7.602342548511648035e-01,4.023941369587623329e-02
7.608492239619798481e-01,4.015725856889173356e-02
7.614637253980769405e-01,4.007505502935636982e-02
7.620777575637907031e-01,3.999280380671201701e-02
7.626913188542580047e-01,3.991050563030045656e-02
7.633044076554182933e-01,3.982816122935053244e-02
7.639170223440183705e-01,3.974577133296479381e-02
7.645291612876143894e-01,3.966333667010663033e-02
7.651408228445772952e-01,3.958085796958714375e-02
7.657520053640993751e-01,3.949833596005213748e-02
7.663627071861992546e-01,3.941577136996903680e-02
7.669729266417301128e-01,3.933316492761389921e-02
7.675826620523895638e-01,3.925051736105839018e-02
7.681919117307286493e-01,3.916782939815680042e-02
7.688006739801619416e-01,3.908510176653309104e-02
7.694089470949809773e-01,3.900233519356778589e-02
7.700167293603661367e-01,3.891953040638514161e-02
7.706240190524000777e-01,3.883668813184017882e-02
7.712308144380847219e-01,3.875380909650565781e-02
7.718371137753560207e-01,3.867089402665926240e-02
7.724429153131010528e-01,3.858794364827056872e-02
7.730482172911764538e-01,3.850495868698828456e-02
7.736530179404287333e-01,3.842193986812721812e-02
7.742573154827137039e-01,3.833888791665553131e-02
7.748611081309186854e-01,3.825580355718181252e-02
7.754643940889841547e-01,3.817268751394228138e-02
7.760671715519296132e-01,3.808954051078787539e-02
7.766694387058764582e-01,3.800636327117153795e-02
7.772711937280757377e-01,3.792315651813529809e-02
7.778724347869335753e-01,3.783992097429766943e-02
7.784731600420411457e-01,3.775665736184073001e-02
7.790733676442036515e-01,3.767336640249740326e-02
7.796730557354707436e-01,3.759004881753875982e-02
7.802722224491681624e-01,3.750670532776125693e-02
7.808708659099322658e-01,3.742333665347410965e-02
7.814689842337423364e-01,3.733994351448650939e-02
7.820665755279556652e-01,3.725652663009496046e-02
7.826636378913476300e-01,3.717308671907072759e-02
7.832601694141445581e-01,3.708962449964711694e-02
7.838561681780663593e-01,3.700614068950688895e-02
7.844516322563646060e-01,3.692263600576965732e-02
7.850465597138652774e-01,3.683911116497921162e-02
7.856409486070103920e-01,3.675556688309121467e-02
7.862347969839013073e-01,3.667200387546031004e-02
7.868281028843456815e-01,3.658842285682781942e-02
7.874208643399023266e-01,3.650482454130923177e-02
7.880130793739282824e-01,3.642120964238160230e-02
7.886047460016289978e-01,3.633757887287109717e-02
7.891958622301067372e-01,3.625393294494071161e-02
7.897864260584129825e-01,3.617027257007755098e-02
7.903764354776007250e-01,3.608659845908063907e-02
7.909658884707774229e-01,3.600291132204842814e-02
7.915547830131612894e-01,3.591921186836642688e-02
7.921431170721371373e-01,3.583550080669484911e-02
7.927308886073128891e-01,3.575177884495627650e-02
7.933180955705798620e-01,3.566804669032334202e-02
7.939047359061730536e-01,3.558430504920642723e-02
7.944908075507308709e-01,3.550055462724130417e-02
7.950763084333600794e-01,3.541679612927702697e-02
7.956612364756987521e-01,3.533303025936354591e-02
7.962455895919805515e-01,3.524925772073958519e-02
7.968293656891045629e-01,3.516547921582035413e-02
7.974125626667000200e-01,3.508169544618543190e-02
7.979951784171983586e-01,3.499790711256654807e-02
7.985772108259006075e-01,3.491411491483547430e-02
7.991586577710533268e-01,3.483031955199193674e-02
7.997395171239197742e-01,3.474652172215138973e-02
8.003197867488541783e-01,3.466272212253306007e-02
8.008994645033790105e-01,3.457892144944781782e-02
8.014785482382620341e-01,3.449512039828610266e-02
8.020570357975951303e-01,3.441131966350597510e-02
8.026349250188740125e-01,3.432751993862108442e-02
8.032122137330801603e-01,3.424372191618859501e-02
8.037888997647629763e-01,3.415992628779739027e-02
8.043649809321259392e-01,3.407613374405598500e-02
8.049404550471099817e-01,3.399234497458061832e-02
8.055153199154810872e-01,3.390856066798336732e-02
8.060895733369201066e-01,3.382478151186030929e-02
8.066632131051110211e-01,3.374100819277955909e-02
8.072362370078320915e-01,3.365724139626945915e-02
8.078086428270497832e-01,3.357348180680679028e-02
8.083804283390113588e-01,3.348973010780483678e-02
8.089515913143411341e-01,3.340598698160176377e-02
8.095221295181369570e-01,3.332225310944868929e-02
8.100920407100675735e-01,3.323852917149802688e-02
8.106613226444741027e-01,3.315481584679164789e-02
8.112299730704700673e-01,3.307111381324930044e-02
8.117979897320433125e-01,3.298742374765677166e-02
8.123653703681605887e-01,3.290374632565432750e-02
8.129321127128724678e-01,3.282008222172488193e-02
8.134982144954213679e-01,3.273643210918250612e-02
8.140636734403475794e-01,3.265279666016075721e-02
8.146284872676009536e-01,3.256917654560096548e-02
8.151926536926492606e-01,3.248557243524081983e-02
8.157561704265940961e-01,3.240198499760253009e-02
8.163190351762829033e-01,3.231841489998153044e-02
8.168812456444238812e-01,3.223486280843478741e-02
8.174427995297041116e-01,3.215132938776924659e-02
8.180036945269064663e-01,3.206781530153039045e-02
8.185639283270308431e-01,3.198432121199073358e-02
8.191234986174146249e-01,3.190084778013819317e-02
8.196824030818542495e-01,3.181739566566486183e-02
8.202406394007313306e-01,3.173396552695526701e-02
8.207982052511367810e-01,3.165055802107524796e-02
8.213550983069984879e-01,3.156717380376018733e-02
8.219113162392088778e-01,3.148381352940382572e-02
8.224668567157564780e-01,3.140047785104676387e-02
8.230217174018550352e-01,3.131716742036513151e-02
8.235758959600790741e-01,3.123388288765911389e-02
8.241293900504961245e-01,3.115062490184168295e-02
8.246821973308027243e-01,3.106739411042714130e-02
8.252343154564633076e-01,3.098419115951984645e-02
8.257857420808465410e-01,3.090101669380286575e-02
8.263364748553679862e-01,3.081787135652666598e-02
8.268865114296297669e-01,3.073475578949769541e-02
8.274358494515648976e-01,3.065167063306718093e-02
8.279844865675813903e-01,3.056861652611988361e-02
8.285324204227080269e-01,3.048559410606257666e-02
8.290796486607436844e-01,3.040260400881301603e-02
8.296261689244031068e-01,3.031964686878848778e-02
8.301719788554712265e-01,3.023672331889469891e-02
8.307170760949516009e-01,3.015383399051430741e-02
8.312614582832227317e-01,3.007097951349588585e-02
8.318051230601910540e-01,2.998816051614247233e-02
8.323480680654481434e-01,2.990537762520047160e-02
8.328902909384281461e-01,2.982263146584833088e-02
8.334317893185676507e-01,2.973992266168529533e-02
8.339725608454662265e-01,2.965725183472020868e-02
8.345126031590478499e-01,2.957461960536024795e-02
8.350519138997264390e-01,2.949202659239966856e-02
8.355904907085688338e-01,2.940947341300862578e-02
8.361283312274635504e-01,2.932696068272189552e-02
8.366654330992865374e-01,2.924448901542764725e-02
8.372017939680730381e-01,2.916205902335614747e-02
8.377374114791871218e-01,2.907967131706864009e-02
8.382722832794947676e-01,2.899732650544596321e-02
8.388064070175373921e-01,2.891502519567741222e-02
8.393397803437072646e-01,2.883276799324949527e-02
8.398724009104246990e-01,2.875055550193448065e-02
8.404042663723154671e-01,2.866838832377937782e-02
8.409353743863916542e-01,2.858626705909454030e-02
8.414657226122315148e-01,2.850419230644235524e-02
8.419953087121632151e-01,2.842216466262604060e-02
8.425241303514471314e-01,2.834018472267830699e-02
8.430521851984640325e-01,2.825825307985005419e-02
8.435794709248989331e-01,2.817637032559900875e-02
8.441059852059303870e-01,2.809453704957844827e-02
8.446317257204216666e-01,2.801275383962580079e-02
8.451566901511095020e-01,2.793102128175136215e-02
8.456808761847984801e-01,2.784933996012686069e-02
8.462042815125532247e-01,2.776771045707402893e-02
8.467269038298949058e-01,2.768613335305328965e-02
8.472487408369978601e-01,2.760460922665226510e-02
8.477697902388872109e-01,2.752313865457434172e-02
8.482900497456388189e-01,2.744172221162721054e-02
8.488095170725789007e-01,2.736036047071136595e-02
8.493281899404879765e-01,2.727905400280859760e-02
8.498460660758032637e-01,2.719780337697048217e-02
8.503631432108246235e-01,2.711660916030678159e-02
8.508794190839189531e-01,2.703547191797389670e-02
8.513948914397309053e-01,2.695439221316320993e-02
8.519095580293883918e-01,2.687337060708948691e-02
8.524234166107163002e-01,2.679240765897922955e-02
8.529364649484444394e-01,2.671150392605886256e-02
8.534487008144251430e-01,2.663065996354313514e-02
8.539601219878431015e-01,2.654987632462330743e-02
8.544707262554339655e-01,2.646915356045528855e-02
8.549805114116997284e-01,2.638849222014790288e-02
8.554894752591277740e-01,2.630789285075094824e-02
8.559976156084109222e-01,2.622735599724334080e-02
8.565049302786656993e-01,2.614688220252107953e-02
8.570114170976583789e-01,2.606647200738538075e-02
8.575170739020239186e-01,2.598612595053051769e-02
8.580218985374945539e-01,2.590584456853184045e-02
8.585258888591221771e-01,2.582562839583358097e-02
8.590290427315097066e-01,2.574547796473676889e-02
8.595313580290344646e-01,2.566539380538689075e-02
8.600328326360806575e-01,2.558537644576180242e-02
8.605334644472701910e-01,2.550542641165921484e-02
8.610332513676937083e-01,2.542554422668445724e-02
8.615321913131436249e-01,2.534573041223801143e-02
8.620302822103501628e-01,2.526598548750306691e-02
8.625275219972142748e-01,2.518630996943290248e-02
8.630239086230454548e-01,2.510670437273838235e-02
8.635194400488012123e-01,2.502716920987520244e-02
8.640141142473236613e-01,2.494770499103127204e-02
8.645079292035805496e-01,2.486831222411387335e-02
8.650008829149068434e-01,2.478899141473684883e-02
8.654929733912459788e-01,2.470974306620758038e-02
8.659841986553945548e-01,2.463056767951420437e-02
8.664745567432466933e-01,2.455146575331233760e-02
8.669640457040372894e-01,2.447243778391206687e-02
8.674526636005930325e-01,2.439348426526475461e-02
8.679404085095757670e-01,2.431460568894973709e-02
8.684272785217336255e-01,2.423580254416090457e-02
8.689132717421508278e-01,2.415707531769332311e-02
8.693983862904963722e-01,2.407842449392976966e-02
8.698826203012779423e-01,2.399985055482701732e-02
8.703659719240943726e-01,2.392135397990218654e-02
8.708484393238877797e-01,2.384293524621897142e-02
8.713300206811993576e-01,2.376459482837377582e-02
8.718107141924256176e-01,2.368633319848177307e-02
8.722905180700731842e-01,2.360815082616280966e-02
8.727694305430171440e-01,2.353004817852722558e-02
8.732474498567603938e-01,2.345202572016171633e-02
8.737245742736902132e-01,2.337408391311485839e-02
8.742008020733395002e-01,2.329622321688274919e-02
8.746761315526500047e-01,2.321844408839436602e-02
8.751505610262303447e-01,2.314074698199699437e-02
8.756240888266197953e-01,2.306313234944138563e-02
8.760967133045535205e-01,2.298560063986685928e-02
8.765684328292226990e-01,2.290815229978636000e-02
8.770392457885443083e-01,2.283078777307133087e-02
8.775091505894216937e-01,2.275350750093641308e-02
8.779781456580153520e-01,2.267631192192419778e-02
8.784462294400066096e-01,2.259920147188961004e-02
8.789134004008669621e-01,2.252217658398443165e-02
8.793796570261266377e-01,2.244523768864150129e-02
8.798449978216420497e-01,2.236838521355885914e-02
8.803094213138673574e-01,2.229161958368373192e-02
8.807729260501239166e-01,2.221494122119644157e-02
8.812355105988707304e-01,2.213835054549409542e-02
8.816971735499765650e-01,2.206184797317418955e-02
8.821579135149916207e-01,2.198543391801801791e-02
8.826177291274199810e-01,2.190910879097403285e-02
8.830766190429929496e-01,2.183287300014093504e-02
8.835345819399423872e-01,2.175672695075068358e-02
8.839916165192747144e-01,2.168067104515131530e-02
8.844477215050454699e-01,2.160470568278967732e-02
8.849028956446337579e-01,2.152883126019393412e-02
8.853571377090178052e-01,2.145304817095585251e-02
8.858104464930509625e-01,2.137735680571312136e-02
8.862628208157370402e-01,2.130175755213123412e-02
8.867142595205070865e-01,2.122625079488547201e-02
8.871647614754957223e-01,2.115083691564252286e-02
8.876143255738181415e-01,2.107551629304191265e-02
8.880629507338473339e-01,2.100028930267745786e-02
8.885106358994920850e-01,2.092515631707828755e-02
8.889573800404735326e-01,2.085011770568985512e-02
8.894031821526031667e-01,2.077517383485464122e-02
8.898480412580613841e-01,2.070032506779280121e-02
8.902919564056754886e-01,2.062557176458240660e-02
8.907349266711971358e-01,2.055091428213973170e-02
8.911769511575825531e-01,2.047635297419916900e-02
8.916180289952674309e-01,2.040188819129292591e-02
8.920581593424492528e-01,2.032752028073068346e-02
8.924973413853625193e-01,2.025324958657885588e-02
8.929355743385591904e-01,2.017907644963972194e-02
8.933728574451852422e-01,2.010500120743031680e-02
8.938091899772601101e-01,2.003102419416114693e-02
8.942445712359552434e-01,1.995714574071456859e-02
8.946790005518694411e-01,1.988336617462302391e-02
8.951124772853097378e-01,1.980968582004709322e-02
8.955450008265672945e-01,1.973610499775312055e-02
8.959765705961939553e-01,1.966262402509081145e-02
8.964071860452818008e-01,1.958924321597042828e-02
8.968368466557371521e-01,1.951596288083985026e-02
8.972655519405587921e-01,1.944278332666127262e-02
8.976933014441137448e-01,1.936970485688774973e-02
8.981200947424116121e-01,1.929672777143942586e-02
8.985459314433823508e-01,1.922385236667946418e-02
8.989708111871486107e-01,1.915107893538982656e-02
8.993947336463006259e-01,1.907840776674667518e-02
8.998176985261715499e-01,1.900583914629546539e-02
9.002397055651084612e-01,1.893337335592595178e-02
9.006607545347464772e-01,1.886101067384667734e-02
9.010808452402797597e-01,1.878875137455931002e-02
9.014999775207334087e-01,1.871659572883267730e-02
9.019181512492348007e-01,1.864454400367643316e-02
9.023353663332813746e-01,1.857259646231455841e-02
9.027516227150118588e-01,1.850075336415835103e-02
9.031669203714732808e-01,1.842901496477933332e-02
9.035812593148890848e-01,1.835738151588168013e-02
9.039946395929251421e-01,1.828585326527439742e-02
9.044070612889557603e-01,1.821443045684321277e-02
9.048185245223286932e-01,1.814311333052201144e-02
9.052290294486281530e-01,1.807190212226407813e-02
9.056385762599369338e-01,1.800079706401296747e-02
9.060471651850999786e-01,1.792979838367294437e-02
9.064547964899830612e-01,1.785890630507919880e-02
9.068614704777323565e-01,1.778812104796767546e-02
9.072671874890329002e-01,1.771744282794449066e-02
9.076719479023649395e-01,1.764687185645506112e-02
9.080757521342598393e-01,1.757640834075282349e-02
9.084786006395549895e-01,1.750605248386760682e-02
9.088804939116447157e-01,1.743580448457362347e-02
9.092814324827335204e-01,1.736566453735709226e-02
9.096814169240849957e-01,1.729563283238346946e-02
9.100804478462712899e-01,1.722570955546429486e-02
9.104785258994182451e-01,1.715589488802356927e-02
9.108756517734534208e-01,1.708618900706389623e-02
9.112718261983463464e-01,1.701659208513208940e-02
9.116670499443544351e-01,1.694710429028438783e-02
9.120613238222592400e-01,1.687772578605130358e-02
9.124546486836087045e-01,1.680845673140197311e-02
9.128470254209504198e-01,1.673929728070819301e-02
9.132384549680691022e-01,1.667024758370787285e-02
9.136289383002186293e-01,1.660130778546828681e-02
9.140184764343510793e-01,1.653247802634857239e-02
9.144070704293491003e-01,1.646375844196197938e-02
9.147947213862496207e-01,1.639514916313778228e-02
9.151814304484703344e-01,1.632665031588237392e-02
9.155671988020316343e-01,1.625826202134024803e-02
9.159520276757769919e-01,1.618998439575432963e-02
9.163359183415901166e-01,1.612181755042580572e-02
9.167188721146123376e-01,1.605376159167363689e-02
9.171008903534551004e-01,1.598581662079340965e-02
9.174819744604100213e-01,1.591798273401582448e-02
9.178621258816586082e-01,1.585026002246452126e-02
9.182413461074770966e-01,1.578264857211365141e-02
9.186196366724408424e-01,1.571514846374467284e-02
9.189969991556239393e-01,1.564775977290280493e-02
9.193734351807969496e-01,1.558048256985283472e-02
9.197489464166229700e-01,1.551331691953458311e-02
9.201235345768498108e-01,1.544626288151757475e-02
9.204972014204984010e-01,1.537932050995535760e-02
9.208699487520500826e-01,1.531248985353924827e-02
9.212417784216314631e-01,1.524577095545138171e-02
9.216126923251912739e-01,1.517916385331746776e-02
9.219826924046811145e-01,1.511266857915866471e-02
9.223517806482287584e-01,1.504628515934308512e-02
9.227199590903072401e-01,1.498001361453671701e-02
9.230872298119056074e-01,1.491385395965359913e-02
9.234535949406911248e-01,1.484780620380561286e-02
9.238190566511697011e-01,1.478187035025145882e-02
9.241836171648445397e-01,1.471604639634521879e-02
9.245472787503703493e-01,1.465033433348415619e-02
9.249100437237014471e-01,1.458473414705596313e-02
9.252719144482409730e-01,1.451924581638536563e-02
9.256328933349813326e-01,1.445386931468007133e-02
9.259929828426435305e-01,1.438860460897615524e-02
9.263521854778157261e-01,1.432345166008261103e-02
9.267105037950782442e-01,1.425841042252545821e-02
9.270679403971358035e-01,1.419348084449107393e-02
9.274244979349393070e-01,1.412866286776880316e-02
9.277801791078029714e-01,1.406395642769299979e-02
9.281349866635217882e-01,1.399936145308429587e-02
9.284889233984799928e-01,1.393487786619023588e-02
9.288419921577574234e-01,1.387050558262516685e-02
9.291941958352319952e-01,1.380624451130934953e-02
9.295455373736770666e-01,1.374209455440757351e-02
9.298960197648523662e-01,1.367805560726674356e-02
9.302456460495928114e-01,1.361412755835300463e-02
9.305944193178931068e-01,1.355031028918791958e-02
9.309423427089834613e-01,1.348660367428400689e-02
9.312894194114054169e-01,1.342300758107953067e-02
9.316356526630796830e-01,1.335952186987241982e-02
9.319810457513688640e-01,1.329614639375349509e-02
9.323256020131382993e-01,1.323288099853894319e-02
9.326693248348058018e-01,1.316972552270185594e-02
9.330122176523937272e-01,1.310667979730318136e-02
9.333542839515689415e-01,1.304374364592161481e-02
9.336955272676804585e-01,1.298091688458289164e-02
9.340359511857927455e-01,1.291819932168815181e-02
9.343755593407102600e-01,1.285559075794148569e-02
9.347143554169989876e-01,1.279309098627658473e-02
9.350523431490013193e-01,1.273069979178264796e-02
9.353895263208444888e-01,1.266841695162938125e-02
9.357259087664442365e-01,1.260624223499102678e-02
9.360614943695021450e-01,1.254417540296969870e-02
9.363962870634956470e-01,1.248221620851770741e-02
9.367302908316643695e-01,1.242036439635894364e-02
9.370635097069875963e-01,1.235861970290955299e-02
9.373959477721570677e-01,1.229698185619744998e-02
9.377276091595432295e-01,1.223545057578109309e-02
9.380584980511537108e-01,1.217402557266721204e-02
9.383886186785873607e-01,1.211270654922770411e-02
9.387179753229794033e-01,1.205149319911545495e-02
9.390465723149411525e-01,1.199038520717923134e-02
9.393744140344917337e-01,1.192938224937769610e-02
9.397015049109852525e-01,1.186848399269231982e-02
9.400278494230275284e-01,1.180769009503935055e-02
9.403534520983877210e-01,1.174700020518077391e-02
9.406783175139034059e-01,1.168641396263429486e-02
9.410024502953758807e-01,1.162593099758222649e-02
9.413258551174611410e-01,1.156555093077944393e-02
9.416485367035486442e-01,1.150527337346016546e-02
9.419704998256390738e-01,1.144509792724384897e-02
9.422917493042080039e-01,1.138502418403983946e-02
9.426122900080651235e-01,1.132505172595112998e-02
9.429321268542066870e-01,1.126518012517686157e-02
9.432512648076534223e-01,1.120540894391387592e-02
9.435697088812912137e-01,1.114573773425709367e-02
9.438874641356918005e-01,1.108616603809872009e-02
9.442045356789346977e-01,1.102669338702650000e-02
9.445209286664132398e-01,1.096731930222063188e-02
9.448366483006388483e-01,1.090804329434966365e-02
9.451516998310292017e-01,1.084886486346521225e-02
9.454660885536968484e-01,1.078978349889544476e-02
9.457798198112191690e-01,1.073079867913748382e-02
9.460928989924062282e-01,1.067190987174851564e-02
9.464053315320573034e-01,1.061311653323576687e-02
9.467171229107083086e-01,1.055441810894525677e-02
9.470282786543693376e-01,1.049581403294924317e-02
9.473388043342526599e-01,1.043730372793260849e-02
9.476487055664940540e-01,1.037888660507774174e-02
9.479579880118611523e-01,1.032056206394842482e-02
9.482666573754514605e-01,1.026232949237226508e-02
9.485747194063862686e-01,1.020418826632185291e-02
9.488821798974861332e-01,1.014613774979476746e-02
9.491890446849444718e-01,1.008817729469207135e-02
9.494953196479846147e-01,1.003030624069564843e-02
9.498010107085103071e-01,9.972523915144129378e-03
9.501061238307441092e-01,9.914829632907464288e-03
9.504106650208561380e-01,9.857222696260183742e-03
9.507146403265811507e-01,9.799702394753225312e-03
9.510180558368259707e-01,9.742268005084467677e-03
9.513209176812639223e-01,9.684918790967771141e-03
9.516232320299219394e-01,9.627654003000668537e-03
9.519250050927514639e-01,9.570472878530618052e-03
9.522262431191931276e-01,9.513374641519812755e-03
9.525269523977263342e-01,9.456358502408565916e-03
9.528271392554084063e-01,9.399423657977188859e-03
9.531268100574036284e-01,9.342569291206477555e-03
9.534259712064965253e-01,9.285794571136639711e-03
9.537246291425990341e-01,9.229098652724693555e-03
9.540227903422396905e-01,9.172480676700478855e-03
9.543204613180437113e-01,9.115939769420999123e-03
9.546176486182013088e-01,9.059475042723356963e-03
9.549143588259210169e-01,9.003085593775959905e-03
9.552105985588732473e-01,8.946770504928366202e-03
9.555063744686186356e-01,8.890528843559382041e-03
9.558016932400250631e-01,8.834359661923625248e-03
9.560965615906711346e-01,8.778261996996505195e-03
9.563909862702358877e-01,8.722234870317509617e-03
9.566849740598774021e-01,8.666277287831928439e-03
9.569785317715950868e-01,8.610388239730855028e-03
9.572716662475796445e-01,8.554566700289542927e-03
9.575643843595503801e-01,8.498811627704151023e-03
9.578566930080770758e-01,8.443121963926606549e-03
9.581485991218884335e-01,8.387496634498029999e-03
9.584401096571667500e-01,8.331934548380146022e-03
9.587312315968270493e-01,8.276434597785120931e-03
9.590219719497843354e-01,8.220995658003681095e-03
9.593123377502025262e-01,8.165616587231271095e-03
9.596023360567312865e-01,8.110296226392593386e-03
9.598919739517295380e-01,8.055033398964326491e-03
9.601812585404682077e-01,7.999826910795921134e-03
9.604701969503234293e-01,7.944675549928659902e-03
9.607587963299524247e-01,7.889578086412827804e-03
9.610470638484525097e-01,7.834533272123049216e-03
9.613350066945064443e-01,7.779539840571678480e-03
9.616226320755112411e-01,7.724596506720378571e-03
9.619099472166907638e-01,7.669701966789719584e-03
9.621969593601923387e-01,7.614854898066863824e-03
9.624836757641662688e-01,7.560053958711327078e-03
9.627701037018315811e-01,7.505297787558767517e-03
9.630562504605217899e-01,7.450585003922781391e-03
9.633421233407148954e-01,7.395914207394719414e-03
9.636277296550495031e-01,7.341283977641429280e-03
9.639130767273177414e-01,7.286692874201168048e-03
9.641981718914472976e-01,7.232139436277133619e-03
9.644830224904608063e-01,7.177622182529314401e-03
9.647676358754215808e-01,7.123139610863925969e-03
9.650520194043595845e-01,7.068690198220955144e-03
9.653361804411788594e-01,7.014272400359557354e-03
9.656201263545485247e-01,6.959884651641225738e-03
9.659038645167736803e-01,6.905525364810908076e-03
9.661874023026507663e-01,6.851192930776008223e-03
9.664707470882997198e-01,6.796885718382943316e-03
9.667539062499815872e-01,6.742602074191858703e-03
9.670368871628954865e-01,6.688340322248829267e-03
9.673196971999543647e-01,6.634098763855968660e-03
9.676023437305462105e-01,6.579875677339230497e-03
9.678848341192700655e-01,6.525669317813998643e-03
9.681671757246570476e-01,6.471477916948235876e-03
9.684493758978680589e-01,6.417299682723519652e-03
9.687314419813742861e-01,6.363132799193566003e-03
9.690133813076132752e-01,6.308975426240523432e-03
9.692952011976311288e-01,6.254825699328842546e-03
9.695769089596960599e-01,6.200681729256775181e-03
9.698585118878969569e-01,6.146541601905437108e-03
9.701400172607200778e-01,6.092403377985486368e-03
9.704214323396000985e-01,6.038265092781340895e-03
9.707027643674576156e-01,5.984124755892910284e-03
9.709840205672061186e-01,5.929980350974885066e-03
9.712652081402438631e-01,5.875829835473436041e-03
9.715463342649205414e-01,5.821671140360512760e-03
9.718274060949843030e-01,5.767502169865483530e-03
9.721084307580010186e-01,5.713320801204289576e-03
9.723894153537566698e-01,5.659124884305926848e-03
9.726703669526356455e-01,5.604912241536449784e-03
9.729512925939720613e-01,5.550680667420221197e-03
9.732321992843846470e-01,5.496427928358565279e-03
9.735130939960799923e-01,5.442151762345797707e-03
9.737939836651394732e-01,5.387849878682497533e-03
9.740748751897794211e-01,5.333519957686079851e-03
9.743557754285844252e-01,5.279159650398699589e-03
9.746366911987223158e-01,5.224766578292301678e-03
9.749176292741287275e-01,5.170338332971024034e-03
9.751985963836705684e-01,5.115872475870655856e-03
9.754795992092843981e-01,5.061366537955427902e-03
9.757606443840877164e-01,5.006818019411859826e-03
9.760417384904649385e-01,4.952224389339775559e-03
9.763228880581311664e-01,4.897583085440473764e-03
9.766040995621662058e-01,4.842891513701915417e-03
9.768853794210249353e-01,4.788147048081099408e-03
9.771667339945185882e-01,4.733347030183355543e-03
9.774481695817750504e-01,4.678488768938756162e-03
9.777296924191648531e-01,4.623569540275523221e-03
9.780113086782074028e-01,4.568586586790379656e-03
9.782930244634454597e-01,4.513537117415877126e-03
9.785748458102941916e-01,4.458418307084697531e-03
9.788567786828610284e-01,4.403227296390800800e-03
9.791388289717402049e-01,4.347961191247533448e-03
9.794210024917763269e-01,4.292617062542512275e-03
9.797033049798014037e-01,4.237191945789454961e-03
9.799857420923427931e-01,4.181682840776758045e-03
9.802683194033021685e-01,4.126086711212904705e-03
9.805510424016060655e-01,4.070400484368595639e-03
9.808339164888245643e-01,4.014621050715681989e-03
9.811169469767661022e-01,3.958745263562814427e-03
9.814001390850343176e-01,3.902769938687733822e-03
9.816834979385641313e-01,3.846691853966306696e-03
9.819670285651177499e-01,3.790507748998148910e-03
9.822507358927591303e-01,3.734214324728912186e-03
9.825346247472918071e-01,3.677808243069158843e-03
9.828186998496674098e-01,3.621286126509799634e-03
9.831029658133620952e-01,3.564644557734073394e-03
9.833874271417246682e-01,3.507880079226078935e-03
9.836720882252877329e-01,3.450989192875756825e-03
9.839569533390503109e-01,3.393968359580409096e-03
9.842420266397293727e-01,3.336813998842567356e-03
9.845273121629716240e-01,3.279522488364381046e-03
9.848128138205417548e-01,3.222090163638315075e-03
9.850985353974719416e-01,3.164513317534263081e-03
9.853844805491783765e-01,3.106788199882996957e-03
9.856706527985443778e-01,3.048911017055869806e-03
9.859570555329719710e-01,2.990877931540897663e-03
9.862436920013951669e-01,2.932685061515019186e-03
9.865305653112619311e-01,2.874328480412636534e-03
9.868176784254812928e-01,2.815804216490329012e-03
9.871050341593312627e-01,2.757108252387743819e-03
9.873926351773373300e-01,2.698236524684671702e-03
9.876804839901107691e-01,2.639184923454195638e-03
9.879685829511550832e-01,2.579949291811964134e-03
9.882569342536298151e-01,2.520525425461513699e-03
9.885455399270864918e-01,2.460909072235617067e-03
9.888344018341603814e-01,2.401095931633690558e-03
9.891235216672293884e-01,2.341081654355095347e-03
9.894129009450332024e-01,2.280861841828480101e-03
9.897025410092576969e-01,2.220432045736968948e-03
9.899924430210782500e-01,2.159787767539294093e-03
9.902826079576662055e-01,2.098924457986765975e-03
9.905730366086568095e-01,2.037837516636061864e-03
9.908637295725796212e-01,1.976522291357880618e-03
9.911546872532462915e-01,1.914974077841286428e-03
9.914459098561031469e-01,1.853188119093862347e-03
9.917373973845404755e-01,1.791159604937563651e-03
9.920291496361646200e-01,1.728883671500215310e-03
9.923211661990261057e-01,1.666355400702721227e-03
9.926134464478123531e-01,1.603569819741847537e-03
9.929059895399938718e-01,1.540521900568649592e-03
9.931987944119327061e-01,1.477206559362389746e-03
9.934918597749491376e-01,1.413618656000053056e-03
9.937851841113424234e-01,1.349752993521332982e-03
9.940787656703770070e-01,1.285604317589058871e-03
9.943726024642177697e-01,1.221167315945115338e-03
9.946666922638269792e-01,1.156436617861711499e-03
9.949610325948202716e-01,1.091406793588063162e-03
9.952556207332712290e-01,1.026072353792378041e-03
9.955504537014797650e-01,9.604277489991783516e-04
9.958455282636935468e-01,8.944673690218803543e-04
9.961408409217836768e-01,8.281855423906309436e-04
9.964363879108770750e-01,7.615765357753271269e-04
9.967321651949438976e-01,6.946345534038491851e-04
9.970281684623367724e-01,6.273537364753881433e-04
9.973243931212877333e-01,5.597281625689524455e-04
9.976208342953569730e-01,4.917518450468600852e-04
9.979174868188349645e-01,4.234187324533573017e-04
9.982143452320970667e-01,3.547227079082009406e-04
9.985114037769140527e-01,2.856575884952009545e-04
9.988086563917105698e-01,2.162171246457614791e-04
9.991060967067796339e-01,1.463949995172615409e-04
9.994037180394448328e-01,7.618482836634950109e-05
9.997015133891772320e-01,5.580157917059756561e-06
9.999994754326629876e-01,-6.542553427629065348e-05
